"","siteId","yr","richness_xbar","abund_xbar","density_xbar","labSplit","fieldSplit","area","mesh","siteLatitude","siteLongitude","COMID","elev_m"
"1",2789,1999,16,189,3360,0.1875,1,0.3,300,41.7978,-111.9294,4564542,1346
"2",2789,2003,1,2,6.66666666666667,1,1,0.3,300,41.7978,-111.9294,4564542,1346
"3",2789,2004,4,126,420,1,1,0.3,300,41.7978,-111.9294,4564542,1346
"4",2789,2005,2,21,70,1,1,0.3,300,41.7978,-111.9294,4564542,1346
"5",2793,2002,15,289,8286.73835125448,0.125,1,0.279,30,41.94375,-111.837222,4563184,1352
"6",2793,2003,14,174,2677.77777777778,0.21875,1,0.3,300,41.94375,-111.837222,4563184,1352
"7",2793,2004,21,506,1686.66666666667,1,1,0.3,300,41.94375,-111.837222,4563184,1352
"8",2793,2006,17,586,10417.7777777778,0.1875,1,0.3,500,41.94375,-111.837222,4563184,1352
"9",2793,2011,13,497,10745.9459459459,0.0625,1,0.74,NA,41.94375,-111.837222,4563184,1352
"10",2820,1998,15,350,4666.66666666667,0.25,1,0.3,300,41.6433,-111.9147,664760,1369
"11",2820,1999,13,309.5,6263.24914662102,0.49065,1,0.3,300,41.6433,-111.9147,664760,1369
"12",2820,2000,13.5,247.5,8425.95613558093,0.1244,1,0.3,300,41.6433,-111.9147,664760,1369
"13",2820,2001,13.5,250,8288.95843363826,0.5469,1,0.279,400,41.6433,-111.9147,664760,1369
"14",2820,2002,13,217,6222.22222222222,0.125,1,0.279,500,41.6433,-111.9147,664760,1369
"15",2820,2003,22,415,5424.83660130719,0.255,1,0.3,300,41.6433,-111.9147,664760,1369
"16",2820,2004,14,499,6653.33333333333,0.25,1,0.3,300,41.6433,-111.9147,664760,1369
"17",2820,2005,15,418,7431.11111111111,0.1875,1,0.3,300,41.6433,-111.9147,664760,1369
"18",2822,1999,19,326,4346.66666666667,0.25,1,0.3,300,41.5361,-111.83,664976,1496
"19",2822,2000,17,334.5,11706.6666666667,0.125,1,0.3,300,41.5361,-111.83,664976,1496
"20",2822,2001,22.5,283,7442.8690345971,0.14065,1,0.279,400,41.5361,-111.83,664976,1496
"21",2822,2002,25,406,2910.39426523297,0.5,1,0.279,500,41.5361,-111.83,664976,1496
"22",2822,2003,25,577,5128.88888888889,0.375,1,0.3,300,41.5361,-111.83,664976,1496
"23",2822,2005,26,472,16773.276474769,0.0938,1,0.3,300,41.5361,-111.83,664976,1496
"24",2874,1998,24,315,2400,0.4375,1,0.3,300,40.9969,-110.8708,7887828,2371
"25",2874,2000,22,261,870,1,1,0.3,300,40.9969,-110.8708,7887828,2371
"26",2874,2001,24,168,602.150537634409,1,1,0.279,500,40.9969,-110.8708,7887828,2371
"27",2874,2003,24.5,354,1180,1,1,0.3,300,40.9969,-110.8708,7887828,2371
"28",2874,2004,18,268,893.333333333333,1,1,0.3,300,40.9969,-110.8708,7887828,2371
"29",2874,2005,23,430,3822.22222222222,0.375,1,0.3,300,40.9969,-110.8708,7887828,2371
"30",2940,2000,14,439,5853.33333333333,0.25,1,0.3,300,40.768333,-111.583056,10276836,1898
"31",2940,2001,11,178,3402.6284348865,0.1875,1,0.279,300,40.768333,-111.583056,10276836,1898
"32",2940,2002,16.5,390.5,2365.59139784946,0.75,1,0.279,265,40.768333,-111.583056,10276836,1898
"33",2940,2003,15,433.5,21640,0.09375,1,0.3,300,40.768333,-111.583056,10276836,1898
"34",2940,2005,18,456,21621.6216216216,0.0703,1,0.3,300,40.768333,-111.583056,10276836,1898
"35",2941,2000,10,431,3831.11111111111,0.375,1,0.3,300,40.755,-111.563056,10277304,1915
"36",2941,2001,16,183,5247.31182795699,0.125,1,0.279,300,40.755,-111.563056,10277304,1915
"37",2941,2002,7.5,394.5,8815.41218637993,0.5625,1,0.279,265,40.755,-111.563056,10277304,1915
"38",2941,2003,16,265,2355.55555555556,0.375,1,0.3,300,40.755,-111.563056,10277304,1915
"39",2941,2004,14,596,21179.815209666,0.0938,1,0.3,300,40.755,-111.563056,10277304,1915
"40",2941,2005,13,656,20006.099420555,0.1093,1,0.3,300,40.755,-111.563056,10277304,1915
"41",2941,2006,16,663,35360,0.0625,1,0.3,500,40.755,-111.563056,10277304,1915
"42",2945,2000,19,439,6395.68764568765,0.2288,1,0.3,300,40.7225,-111.5178,10276860,1948
"43",2945,2001,12,179,5132.6164874552,0.125,1,0.279,300,40.7225,-111.5178,10276860,1948
"44",2945,2002,17.5,357,5118.27956989247,0.25,1,0.279,265,40.7225,-111.5178,10276860,1948
"45",2945,2003,18,382,5093.33333333333,0.25,1,0.3,300,40.7225,-111.5178,10276860,1948
"46",2945,2005,14,173,4613.33333333333,0.125,1,0.3,300,40.7225,-111.5178,10276860,1948
"47",2956,2002,16,589,2111.11111111111,1,1,0.279,30,40.9714,-111.4369,10092060,1669
"48",2956,2003,18,717,3186.66666666667,0.75,1,0.3,300,40.9714,-111.4369,10092060,1669
"49",2956,2004,17,622,33173.3333333333,0.0625,1,0.3,300,40.9714,-111.4369,10092060,1669
"50",2956,2005,22,555,14800,0.125,1,0.3,300,40.9714,-111.4369,10092060,1669
"51",2961,1998,20,374,9973.33333333333,0.125,1,0.3,300,40.9325,-111.291667,10092140,1802
"52",2961,1999,22,385,14922.480620155,0.086,1,0.3,300,40.9325,-111.291667,10092140,1802
"53",2961,2000,19.5,352,6232.38095238095,0.5,1,0.3,300,40.9325,-111.291667,10092140,1802
"54",2961,2001,17,317.5,13008.3632019116,0.125,1,0.279,400,40.9325,-111.291667,10092140,1802
"55",2961,2003,24.5,534.5,5170.20922201909,0.4844,1,0.3,300,40.9325,-111.291667,10092140,1802
"56",2961,2004,18,348,1856,0.625,1,0.3,300,40.9325,-111.291667,10092140,1802
"57",2961,2005,22,560,7466.66666666667,0.25,1,0.3,300,40.9325,-111.291667,10092140,1802
"58",2961,2006,18,425,4533.33333333333,0.3125,1,0.3,500,40.9325,-111.291667,10092140,1802
"59",2961,2013,23,389,3363.24808493714,0.1563,1,0.74,NA,40.9325,-111.291667,10092140,1802
"60",2961,2022,26,621,4475.67567567568,0.1875,1,0.74,500,40.9325,-111.291667,10092140,1802
"61",2965,1999,15,325.5,7779.22405037579,0.14845,1,0.3,300,40.9206,-111.4006,10093066,1703
"62",2965,2000,17.5,154.5,3737.14285714286,0.25,1,0.3,300,40.9206,-111.4006,10093066,1703
"63",2965,2001,20,315,9032.25806451613,0.125,1,0.279,500,40.9206,-111.4006,10093066,1703
"64",2965,2002,10,62,1777.77777777778,0.125,1,0.279,500,40.9206,-111.4006,10093066,1703
"65",2965,2003,24.5,414.5,4120,0.375,1,0.3,300,40.9206,-111.4006,10093066,1703
"66",2965,2004,27,439,1463.33333333333,1,1,0.3,300,40.9206,-111.4006,10093066,1703
"67",2965,2005,25,399,5320,0.25,1,0.3,300,40.9206,-111.4006,10093066,1703
"68",2967,1998,21,322,4293.33333333333,0.25,1,0.3,300,40.9589,-111.1175,10093054,2052
"69",2967,1999,24,221,3573.33333333333,0.21875,1,0.3,300,40.9589,-111.1175,10093054,2052
"70",2967,2000,19.5,224,1711.11111111111,0.5,1,0.3,300,40.9589,-111.1175,10093054,2052
"71",2967,2001,24.5,194.5,2759.85663082437,0.3125,1,0.279,400,40.9589,-111.1175,10093054,2052
"72",2967,2002,21.5,352,1925.93189964158,0.65625,1,0.2895,500,40.9589,-111.1175,10093054,2052
"73",2967,2003,24,293,976.666666666667,1,1,0.3,300,40.9589,-111.1175,10093054,2052
"74",2970,1999,21,211,4523.04394426581,0.1555,1,0.3,300,40.9389,-111.1544,10092126,1983
"75",2970,2002,23,376,10781.3620071685,0.125,1,0.279,500,40.9389,-111.1544,10092126,1983
"76",2970,2013,27,452,6511.84233273786,0.0938,1,0.74,NA,40.9389,-111.1544,10092126,1983
"77",2970,2022,29,559,2014.41441441441,0.375,1,0.74,500,40.9389,-111.1544,10092126,1983
"78",2977,1998,13,310,14698.9094357515,0.0703,1,0.3,300,40.7506,-111.3692,10093088,1848
"79",2977,1999,17,220,9389.67136150235,0.0781,1,0.3,300,40.7506,-111.3692,10093088,1848
"80",2977,2000,15,189,11454.5454545455,0.055,1,0.3,300,40.7506,-111.3692,10093088,1848
"81",2977,2001,17.5,224.5,9816.00955794504,0.125,1,0.279,400,40.7506,-111.3692,10093088,1848
"82",2977,2002,13,252,9629.27298988926,0.0938,1,0.279,500,40.7506,-111.3692,10093088,1848
"83",2977,2003,23,663.5,7460,0.3125,1,0.3,300,40.7506,-111.3692,10093088,1848
"84",2977,2004,16,590,15733.3333333333,0.125,1,0.3,300,40.7506,-111.3692,10093088,1848
"85",2977,2005,11,429,15245.2025586354,0.0938,1,0.3,300,40.7506,-111.3692,10093088,1848
"86",3071,1999,9.22222222222222,87.1111111111111,6570.21750545169,0.178833333333333,1,0.093,280,40.0976,-111.1943,11964979,2352
"87",3071,2000,13,72.5,5377.89202489559,0.14845,1,0.093,300,40.0976,-111.1943,11964979,2352
"88",3071,2003,14,162.333333333333,1745.51971326165,1,1,0.093,180,40.0976,-111.1943,11964979,2352
"89",3071,2004,19,168.5,1392.1146953405,0.4375,1,0.279,500,40.0976,-111.1943,11964979,2352
"90",3084,2000,13.5,54.5,4688.17204301075,0.125,1,0.093,300,40.3578,-111.2275,11964741,2520
"91",3084,2004,19.5,218.5,2028.67383512545,0.5,1,0.279,500,40.3578,-111.2275,11964741,2520
"92",3084,2013,34,283,3971.26098060678,0.0963,1,0.74,NA,40.3578,-111.2275,11964741,2520
"93",3084,2018,32,509,11005.4054054054,0.0625,1,0.74,NA,40.3578,-111.2275,11964741,2520
"94",3193,2002,19,617,2948.62604540024,0.75,1,0.279,30,39.5467,-111.5139,5301123,1721
"95",3193,2004,21,616,10951.1111111111,0.1875,1,0.3,300,39.5467,-111.5139,5301123,1721
"96",3193,2005,16,519,18443.4968017058,0.0938,1,0.3,300,39.5467,-111.5139,5301123,1721
"97",3193,2022,15,527,3798.1981981982,0.1875,1,0.74,500,39.5467,-111.5139,5301123,1721
"98",3215,1998,8,487,12986.6666666667,0.125,1,0.3,300,38.2661,-111.9539,10806343,1969
"99",3215,1999,14,416,12663.6225266362,0.1095,1,0.3,300,38.2661,-111.9539,10806343,1969
"100",3215,2000,11.5,285.5,8285.12820512821,0.4375,1,0.3,300,38.2661,-111.9539,10806343,1969
"101",3215,2001,17,284,7655.29023544007,0.14065,1,0.279,400,38.2661,-111.9539,10806343,1969
"102",3215,2002,16,400,18357.1287614904,0.0781,1,0.279,500,38.2661,-111.9539,10806343,1969
"103",3215,2003,18,525,7000,0.25,1,0.3,300,38.2661,-111.9539,10806343,1969
"104",3215,2005,16,419,22346.6666666667,0.0625,1,0.3,300,38.2661,-111.9539,10806343,1969
"105",3219,2000,14,454,3026.66666666667,0.5,1,0.3,300,38.3494,-111.9483,10806309,2025
"106",3219,2001,15.5,376.5,5700.41870613906,0.2344,1,0.279,400,38.3494,-111.9483,10806309,2025
"107",3219,2002,15.5,506,12906.9126920162,0.14845,1,0.279,265,38.3494,-111.9483,10806309,2025
"108",3219,2003,19.5,662,13806.4472882389,0.1719,1,0.3,300,38.3494,-111.9483,10806309,2025
"109",3219,2004,15,477,12720,0.125,1,0.3,300,38.3494,-111.9483,10806309,2025
"110",3220,2000,12,269,1594.07407407407,0.5625,1,0.3,300,38.5806,-112.2561,3504389,1696
"111",3220,2002,16,773,4432.97491039426,0.625,1,0.279,30,38.5806,-112.2561,3504389,1696
"112",3220,2003,15,385,3422.22222222222,0.375,1,0.3,300,38.5806,-112.2561,3504389,1696
"113",3220,2004,18,494,6586.66666666667,0.25,1,0.3,300,38.5806,-112.2561,3504389,1696
"114",3224,2000,19.5,428,11077.1660264618,0.16405,1,0.3,300,38.5642,-111.8486,10804575,2114
"115",3224,2001,16,307.5,15285.6634649591,0.0781,1,0.279,400,38.5642,-111.8486,10804575,2114
"116",3224,2005,11,526,18692.2530206112,0.0938,1,0.3,300,38.5642,-111.8486,10804575,2114
"117",3224,2022,19,602,3661.17692850366,0.2222,1,0.74,500,38.5642,-111.8486,10804575,2114
"118",3270,2000,12,447,2384,0.625,1,0.3,300,37.28483333,-112.9480833,10025834,1352
"119",3270,2001,9.5,176,986.73835125448,0.8125,1,0.279,400,37.28483333,-112.9480833,10025834,1352
"120",3270,2002,14,458,2619.08602150538,0.6875,1,0.2895,500,37.28483333,-112.9480833,10025834,1352
"121",3270,2004,15,487.5,7990,0.3125,1,0.3,300,37.28483333,-112.9480833,10025834,1352
"122",3270,2008,14,406,4389.18918918919,0.125,1,0.74,NA,37.28483333,-112.9480833,10025834,1352
"123",3273,2000,10,149,496.666666666667,1,1,0.3,300,37.1628,-113.0103,10024162,1164
"124",3273,2001,10,231,827.956989247312,1,1,0.279,500,37.1628,-113.0103,10024162,1164
"125",3273,2002,10,264,946.236559139785,1,1,0.279,500,37.1628,-113.0103,10024162,1164
"126",3273,2003,20,328,2186.66666666667,0.5,1,0.3,300,37.1628,-113.0103,10024162,1164
"127",3273,2004,16,466,8280.02842928216,0.1876,1,0.3,300,37.1628,-113.0103,10024162,1164
"128",3279,2000,2,5,16.6666666666667,1,1,0.3,300,37.5281,-112.0434,18264629,1731
"129",3279,2002,3.5,3.5,12.5448028673835,1,1,0.279,265,37.5281,-112.0434,18264629,1731
"130",3279,2003,6,27,90,1,1,0.3,300,37.5281,-112.0434,18264629,1731
"131",3279,2004,1,1,3.33333333333333,1,1,0.3,300,37.5281,-112.0434,18264629,1731
"132",3307,2001,10,170,9749.10394265233,0.0625,1,0.279,300,38.3069,-111.5172,944070009,2113
"133",3307,2002,10.5,472.5,9362.00716845878,0.1875,1,0.279,265,38.3069,-111.5172,944070009,2113
"134",3307,2003,10,520,4622.22222222222,0.375,1,0.3,300,38.3069,-111.5172,944070009,2113
"135",3307,2004,16,365,19466.6666666667,0.0625,1,0.3,300,38.3069,-111.5172,944070009,2113
"136",3316,2000,6,25,83.3333333333333,1,1,0.3,300,37.7725,-111.6661,3277843,1832
"137",3316,2002,9.5,202.5,5593.18996415771,0.5625,1,0.279,265,37.7725,-111.6661,3277843,1832
"138",3316,2003,4.5,173,576.666666666667,1,1,0.3,300,37.7725,-111.6661,3277843,1832
"139",3316,2004,3,12,40,1,1,0.3,300,37.7725,-111.6661,3277843,1832
"140",3390,2000,6,121,403.333333333333,1,1,0.3,300,40.9056,-111.9336,7913954,1284
"141",3390,2003,7,319,1063.33333333333,1,1,0.3,300,40.9056,-111.9336,7913954,1284
"142",3390,2004,8,49,653.333333333333,0.25,1,0.3,300,40.9056,-111.9336,7913954,1284
"143",3390,2005,3,44,2346.66666666667,0.0625,1,0.3,300,40.9056,-111.9336,7913954,1284
"144",3397,2009,22,154,616,0.125,1,2,500,40.791861,-111.877944,10389370,1442
"145",3397,2010,27,574,3102.7027027027,0.25,1,0.74,500,40.791861,-111.877944,10389370,1442
"146",3397,2011,22.5,314.5,3170.27873540378,0.269541666666667,1,0.83,500,40.791861,-111.877944,10389370,1442
"147",3397,2012,23.5,379.5,3957.56336164666,0.176,1,0.741,NA,40.791861,-111.877944,10389370,1442
"148",3397,2013,22.3333333333333,341.666666666667,1900.7291608499,0.510833333333333,1,0.92,NA,40.791861,-111.877944,10389370,1442
"149",3397,2014,27,480.5,7779.68076160214,0.08595,1,0.74,NA,40.791861,-111.877944,10389370,1442
"150",3397,2015,18,308,6659.45945945946,0.0625,1,0.74,NA,40.791861,-111.877944,10389370,1442
"151",3398,2011,14,226.5,921.621621621622,0.4375,1,0.74,NA,40.7785,-111.8848,10389370,1370
"152",3398,2012,7,253.666666666667,1851.20009226361,0.171866666666667,1,0.74,NA,40.7785,-111.8848,10389370,1370
"153",3398,2013,4.75,502.5,3539.87697684881,0.367175,1,0.74,NA,40.7785,-111.8848,10389370,1370
"154",3398,2014,12,220.5,814.774774774775,0.34375,1,0.74,NA,40.7785,-111.8848,10389370,1370
"155",3398,2015,11.5,378.5,1869.41901019398,0.26565,1,0.74,NA,40.7785,-111.8848,10389370,1370
"156",3405,2010,5.66666666666667,22.6666666666667,30.6306306306306,1,1,0.74,500,40.74614,-111.84743,10389446,1400
"157",3405,2011,7.2,177.3,277.342342342342,0.95,1,0.74,500,40.74614,-111.84743,10389446,1400
"158",3405,2012,7,128.5,597.641996835545,0.578125,1,0.741,NA,40.74614,-111.84743,10389446,1400
"159",3405,2013,5,38,51.3513513513514,1,1,0.74,NA,40.74614,-111.84743,10389446,1400
"160",3405,2014,6,43,58.1081081081081,1,1,0.74,NA,40.74614,-111.84743,10389446,1400
"161",3405,2015,6,75,101.351351351351,1,1,0.74,NA,40.74614,-111.84743,10389446,1400
"162",3406,2010,13.5,440.75,2918.77413127413,0.3984375,1,0.74,500,40.7625,-111.8287,10389446,1501
"163",3406,2011,12.6,609.4,1477.87072936811,0.68126,1,0.74,500,40.7625,-111.8287,10389446,1501
"164",3406,2012,15,288.666666666667,1163.003003003,0.354166666666667,1,0.74,NA,40.7625,-111.8287,10389446,1501
"165",3406,2013,8.5,639.5,5597.66803050385,0.2969,1,0.74,NA,40.7625,-111.8287,10389446,1501
"166",3406,2014,14.5,402,5536.03736676115,0.23435,1,0.74,NA,40.7625,-111.8287,10389446,1501
"167",3406,2015,8,420.5,3737.43928850614,0.16405,1,0.74,NA,40.7625,-111.8287,10389446,1501
"168",3411,2010,18,279.75,2835.78828828829,0.359375,1,0.74,500,40.7665,-111.8265,10389446,1523
"169",3411,2011,18.8,426.8,3862.07912037215,0.31406,1,0.74,500,40.7665,-111.8265,10389446,1523
"170",3411,2012,20,328.333333333333,2915.64433929347,0.151066666666667,1,0.74,NA,40.7665,-111.8265,10389446,1523
"171",3411,2013,21.5,497,2068.27118622355,0.32815,1,0.74,NA,40.7665,-111.8265,10389446,1523
"172",3411,2014,18,370,2796.41726663872,0.18755,1,0.74,NA,40.7665,-111.8265,10389446,1523
"173",3411,2015,14,459.5,3003.34812424365,0.2969,1,0.74,NA,40.7665,-111.8265,10389446,1523
"174",3413,2010,3,269,830.888030888031,0.4375,1,0.74,500,40.739461,-111.836135,10389446,1412
"175",3413,2011,5.66666666666667,392.333333333333,1123.42342342342,0.583333333333333,1,0.74,500,40.739461,-111.836135,10389446,1412
"176",3413,2012,7.66666666666667,514.666666666667,1994.76619476619,0.541666666666667,1,0.74,NA,40.739461,-111.836135,10389446,1412
"177",3413,2013,7.5,127.5,321.621621621622,0.75,1,0.74,NA,40.739461,-111.836135,10389446,1412
"178",3413,2014,6,28.5,77.8378378378378,0.46875,1,0.74,NA,40.739461,-111.836135,10389446,1412
"179",3414,2010,16,538,5816.21621621622,0.125,1,0.74,500,40.75163,-111.800431,10390242,1537
"180",3414,2011,11,219.375,2141.04225494151,0.664075,1,0.74,500,40.75163,-111.800431,10390242,1537
"181",3414,2012,14,644.75,7792.00450450451,0.328125,1,0.74,NA,40.75163,-111.800431,10390242,1537
"182",3414,2013,8,189,255.405405405405,1,1,0.74,NA,40.75163,-111.800431,10390242,1537
"183",3414,2014,5,341,737.297297297297,0.625,1,0.74,NA,40.75163,-111.800431,10390242,1537
"184",3414,2015,9,357,643.243243243243,0.75,1,0.74,NA,40.75163,-111.800431,10390242,1537
"185",3416,2011,11,440,1145.29842342342,0.6875,1,1.01,NA,40.7128,-111.8133,10389462,1410
"186",3416,2012,10,433,4655.91397849462,0.125,1,0.744,NA,40.7128,-111.8133,10389462,1410
"187",3416,2013,5,398,2487.5,0.125,1,1.28,NA,40.7128,-111.8133,10389462,1410
"188",3416,2014,10,494,2670.27027027027,0.25,1,0.74,NA,40.7128,-111.8133,10389462,1410
"189",3425,2009,13,611,611,0.5,1,2,500,40.695537,-111.825534,10390260,1407
"190",3425,2010,12,158,488.030888030888,0.4375,1,0.74,500,40.695537,-111.825534,10390260,1407
"191",3425,2011,11,192.2,493.209097490347,0.8375,1,0.848,500,40.695537,-111.825534,10390260,1407
"192",3425,2012,9.4,300.4,1148.37656138181,0.48126,1,0.7408,NA,40.695537,-111.825534,10390260,1407
"193",3425,2013,11.6666666666667,350.666666666667,2359.68149492771,0.2292,1,0.92,NA,40.695537,-111.825534,10390260,1407
"194",3425,2014,10.75,381.75,4091.34529868077,0.33985,1,0.74,NA,40.695537,-111.825534,10390260,1407
"195",3425,2015,12.75,534.5,4481.41891891892,0.578125,1,0.74,NA,40.695537,-111.825534,10390260,1407
"196",3426,2009,24,526,1402.66666666667,0.1875,1,2,500,40.68924,-111.782775,10390260,1560
"197",3426,2010,28.5,619,3345.94594594595,0.25,1,0.74,500,40.68924,-111.782775,10390260,1560
"198",3426,2011,25.5,531.4,4214.04229565458,0.26876,1,0.848,500,40.68924,-111.782775,10390260,1560
"199",3426,2012,27.75,523.25,5535.39314179429,0.1461,1,0.741,NA,40.68924,-111.782775,10390260,1560
"200",3426,2013,26.3333333333333,540.666666666667,3461.43014415567,0.1771,1,0.92,NA,40.68924,-111.782775,10390260,1560
"201",3426,2014,25,431,4385.78638879844,0.1328,1,0.74,NA,40.68924,-111.782775,10390260,1560
"202",3426,2015,20.5,593,6410.81081081081,0.125,1,0.74,NA,40.68924,-111.782775,10390260,1560
"203",3436,1999,18,285,1266.66666666667,0.75,1,0.3,300,40.5697,-111.6997,10389690,2204
"204",3436,2000,14,299,1063.11111111111,0.9375,1,0.3,300,40.5697,-111.6997,10389690,2204
"205",3436,2003,15.5,216.5,1727.22222222222,0.6875,1,0.3,300,40.5697,-111.6997,10389690,2204
"206",3436,2004,19,473,3153.33333333333,0.5,1,0.3,300,40.5697,-111.6997,10389690,2204
"207",3436,2005,14,470,2088.88888888889,0.75,1,0.3,300,40.5697,-111.6997,10389690,2204
"208",3436,2011,23,578,903.125,0.5,1,1.28,NA,40.5697,-111.6997,10389690,2204
"209",3436,2013,23,623,973.4375,0.5,1,1.28,NA,40.5697,-111.6997,10389690,2204
"210",3438,2008,17,459,620.27027027027,1,1,0.74,NA,40.57472222,-111.6797222,10389672,2344
"211",3438,2009,22,479,547.428571428571,0.4375,1,2,500,40.57472222,-111.6797222,10389672,2344
"212",3438,2010,14,299,404.054054054054,1,1,0.74,NA,40.57472222,-111.6797222,10389672,2344
"213",3438,2011,21,543.5,634.765625,0.75,1,1.28,NA,40.57472222,-111.6797222,10389672,2344
"214",3438,2012,18,555,4000,0.1875,1,0.74,NA,40.57472222,-111.6797222,10389672,2344
"215",3438,2013,23,447,698.4375,0.5,1,1.28,NA,40.57472222,-111.6797222,10389672,2344
"216",3446,2000,5.5,289.5,6257.59954493743,0.1797,1,0.3,300,40.486389,-111.085278,10375656,2704
"217",3446,2001,8,342.5,17163.4301610228,0.07815,1,0.279,400,40.486389,-111.085278,10375656,2704
"218",3446,2003,8,314,6696.52377905737,0.1563,1,0.3,300,40.486389,-111.085278,10375656,2704
"219",3446,2004,9,445,5933.33333333333,0.25,1,0.3,300,40.486389,-111.085278,10375656,2704
"220",3446,2005,8,275,916.666666666667,1,1,0.3,300,40.486389,-111.085278,10375656,2704
"221",3461,1998,21,200,27535.6931422356,0.0781,1,0.093,300,39.9694,-111.6936,10350406,1742
"222",3461,1999,24,354,9440,0.125,1,0.3,300,39.9694,-111.6936,10350406,1742
"223",3461,2000,24,151,7159.79137031769,0.0703,1,0.3,300,39.9694,-111.6936,10350406,1742
"224",3461,2015,35,482,2976.92573743762,0.2188,1,0.74,NA,39.9694,-111.6936,10350406,1742
"225",3507,1999,12,33,352,0.3125,1,0.3,300,40.238056,-111.694444,10376596,1381
"226",3507,2000,8.5,161,2146.66666666667,0.25,1,0.3,300,40.238056,-111.694444,10376596,1381
"227",3507,2001,10,332,9519.71326164875,0.125,1,0.279,500,40.238056,-111.694444,10376596,1381
"228",3507,2002,10,82,3133.33486178936,0.0938,1,0.279,500,40.238056,-111.694444,10376596,1381
"229",3507,2003,11,288,960,1,1,0.3,300,40.238056,-111.694444,10376596,1381
"230",3507,2004,14,316,1053.33333333333,1,1,0.3,300,40.238056,-111.694444,10376596,1381
"231",3507,2006,9,429,3268.57142857143,0.4375,1,0.3,500,40.238056,-111.694444,10376596,1381
"232",3523,2000,18,420,10342.1784776903,0.1758,1,0.3,300,40.5578,-111.1681,10373692,2130
"233",3523,2001,24,363.5,10422.9390681004,0.125,1,0.279,400,40.5578,-111.1681,10373692,2130
"234",3523,2002,30,397,4553.40501792115,0.3125,1,0.279,500,40.5578,-111.1681,10373692,2130
"235",3523,2003,28.5,513.5,3984.44444444444,0.4375,1,0.3,300,40.5578,-111.1681,10373692,2130
"236",3523,2004,26,551,2938.66666666667,0.625,1,0.3,300,40.5578,-111.1681,10373692,2130
"237",3523,2005,20,507,9013.33333333333,0.1875,1,0.3,300,40.5578,-111.1681,10373692,2130
"238",3617,2003,18,275,1636.66666666667,0.75,1,0.3,300,39.775278,-111.185278,3906455,2332
"239",3617,2004,21,401,4277.33333333333,0.3125,1,0.3,300,39.775278,-111.185278,3906455,2332
"240",3617,2005,17,446,11893.3333333333,0.125,1,0.3,300,39.775278,-111.185278,3906455,2332
"241",3617,2007,27,888,2400,0.5,1,0.74,500,39.775278,-111.185278,3906455,2332
"242",3617,2009,17,94,451.651651651652,0.28125,1,0.74,NA,39.775278,-111.185278,3906455,2332
"243",3628,1998,10,421,7484.44444444444,0.1875,1,0.3,300,38.2536,-112.7661,1216307,1697
"244",3628,1999,7,457,24373.3333333333,0.0625,1,0.3,300,38.2536,-112.7661,1216307,1697
"245",3628,2000,6.5,425,4096.66666666667,0.375,1,0.3,300,38.2536,-112.7661,1216307,1697
"246",3628,2001,10.5,255,4537.63440860215,0.3125,1,0.279,400,38.2536,-112.7661,1216307,1697
"247",3628,2002,11,419,19229.0923776612,0.0781,1,0.279,500,38.2536,-112.7661,1216307,1697
"248",3628,2003,2,52,173.333333333333,1,1,0.3,300,38.2536,-112.7661,1216307,1697
"249",3629,1998,11,382,10186.6666666667,0.125,1,0.3,300,38.2544,-112.6856,1215237,1749
"250",3629,2000,12,207,1840,0.375,1,0.3,300,38.2544,-112.6856,1215237,1749
"251",3629,2001,10.5,305,5779.37076861808,0.34375,1,0.279,400,38.2544,-112.6856,1215237,1749
"252",3629,2002,12,405.5,12740.7407407407,0.125,1,0.279,265,38.2544,-112.6856,1215237,1749
"253",3629,2003,12.5,580.5,21654.1219274034,0.08595,1,0.3,300,38.2544,-112.6856,1215237,1749
"254",3629,2004,10,583,2220.95238095238,0.875,1,0.3,300,38.2544,-112.6856,1215237,1749
"255",3629,2005,11,492,13120,0.125,1,0.3,300,38.2544,-112.6856,1215237,1749
"256",3630,1998,16,392,5567.39099559722,0.2347,1,0.3,300,38.2786,-112.5589,1215135,1943
"257",3630,1999,17,402,12248.6288848263,0.1094,1,0.3,300,38.2786,-112.5589,1215135,1943
"258",3630,2000,19,279.5,2654.99782362671,0.32815,1,0.3,300,38.2786,-112.5589,1215135,1943
"259",3630,2001,16,197,4179.21146953405,0.1875,1,0.279,400,38.2786,-112.5589,1215135,1943
"260",3630,2002,17.5,301.5,5149.81097112543,0.25565,1,0.279,265,38.2786,-112.5589,1215135,1943
"261",3630,2003,23,542.5,3087.61904761905,0.625,1,0.3,300,38.2786,-112.5589,1215135,1943
"262",3630,2004,19,552,7360,0.25,1,0.3,300,38.2786,-112.5589,1215135,1943
"263",5407,2009,32,566,3018.66666666667,0.09375,1,2,500,40.699051,-111.71773,10390258,1882
"264",5407,2010,25,336,3632.43243243243,0.125,1,0.74,NA,40.699051,-111.71773,10390258,1882
"265",5407,2011,28,467,1945.83333333333,0.1875,1,1.28,NA,40.699051,-111.71773,10390258,1882
"266",5407,2012,21,490,2107.52688172043,0.3125,1,0.744,NA,40.699051,-111.71773,10390258,1882
"267",5407,2013,24,451,1879.16666666667,0.1875,1,1.28,NA,40.699051,-111.71773,10390258,1882
"268",5437,2009,28,457,2925.73623559539,0.0781,1,2,500,40.642967,-111.67449,10389548,2156
"269",5437,2010,22,475,4108.10810810811,0.15625,1,0.74,NA,40.642967,-111.67449,10389548,2156
"270",5437,2011,22,348,3481.11395646607,0.0781,1,1.28,NA,40.642967,-111.67449,10389548,2156
"271",5437,2013,19,264,3300,0.0625,1,1.28,NA,40.642967,-111.67449,10389548,2156
"272",6141,2004,20,582,1043.01075268817,0.75,1,0.744,500,39.4125,-111.1189,4876379,2147
"273",6141,2005,14,593,1594.08602150538,0.5,1,0.744,500,39.4125,-111.1189,4876379,2147
"274",6141,2006,19,446,1918.27956989247,0.3125,1,0.744,500,39.4125,-111.1189,4876379,2147
"275",6141,2007,12,230,309.139784946237,1,1,0.744,500,39.4125,-111.1189,4876379,2147
"276",6141,2008,15.5,470,842.546546546547,0.65625,1,0.87,500,39.4125,-111.1189,4876379,2147
"277",6141,2014,16,108,145.945945945946,1,1,0.74,NA,39.4125,-111.1189,4876379,2147
"278",6141,2017,15,487,2097.44279946164,0.3125,1,0.743,NA,39.4125,-111.1189,4876379,2147
"279",6142,2004,14,443,952.688172043011,0.625,1,0.744,500,39.4014,-111.1428,4876379,2342
"280",6142,2005,15,582,2769.05509563232,0.2825,1,0.744,500,39.4014,-111.1428,4876379,2342
"281",6142,2006,15,427,2160.86118668221,0.2656,1,0.744,500,39.4014,-111.1428,4876379,2342
"282",6142,2007,17,126,338.709677419355,0.5,1,0.744,500,39.4014,-111.1428,4876379,2342
"283",6142,2008,18,309.5,533.702702702703,0.75,1,0.87,500,39.4014,-111.1428,4876379,2342
"284",6142,2014,8,217,293.243243243243,1,1,0.74,NA,39.4014,-111.1428,4876379,2342
"285",6142,2017,20,448,771.740648975316,0.7813,1,0.743,NA,39.4014,-111.1428,4876379,2342
"286",6143,2004,19,138,494.623655913978,0.375,1,0.744,500,39.4011,-111.15,4876379,2409
"287",6143,2005,15,461,1982.79569892473,0.3125,1,0.744,500,39.4011,-111.15,4876379,2409
"288",6143,2006,15,269,413.21044546851,0.875,1,0.744,500,39.4011,-111.15,4876379,2409
"289",6143,2007,21,221,297.043010752688,1,1,0.744,500,39.4011,-111.15,4876379,2409
"290",6143,2008,19,395,944.36036036036,0.5,1,0.87,500,39.4011,-111.15,4876379,2409
"291",6144,2001,11,288,3200,0.25,1,0.36,500,40.5842,-111.6519,10389670,2518
"292",6144,2002,7,46,164.874551971326,1,1,0.279,500,40.5842,-111.6519,10389670,2518
"293",6144,2003,10,103,286.111111111111,1,1,0.36,500,40.5842,-111.6519,10389670,2518
"294",6144,2004,11,107,297.222222222222,1,1,0.36,500,40.5842,-111.6519,10389670,2518
"295",6144,2005,14,393,1091.66666666667,1,1,0.36,500,40.5842,-111.6519,10389670,2518
"296",6145,2001,13,398,7073.29210208289,0.1563,1,0.36,500,40.5792,-111.6611,10389670,2451
"297",6145,2002,5,36,516.129032258065,0.25,1,0.279,500,40.5792,-111.6611,10389670,2451
"298",6145,2003,10,481,3053.96825396825,0.4375,1,0.36,500,40.5792,-111.6611,10389670,2451
"299",6145,2004,14,669,3716.66666666667,0.5,1,0.36,500,40.5792,-111.6611,10389670,2451
"300",6145,2005,11,87,241.666666666667,1,1,0.36,500,40.5792,-111.6611,10389670,2451
"301",6146,2001,11,293,4340.74074074074,0.1875,1,0.36,500,40.5744,-111.6789,10389672,2363
"302",6146,2002,15,271,971.326164874552,1,1,0.279,500,40.5744,-111.6789,10389672,2363
"303",6146,2003,18,444,1644.44444444444,0.75,1,0.36,500,40.5744,-111.6789,10389672,2363
"304",6146,2004,20,536,1488.88888888889,1,1,0.36,500,40.5744,-111.6789,10389672,2363
"305",6146,2005,9,93,344.444444444444,0.75,1,0.36,500,40.5744,-111.6789,10389672,2363
"306",7097,2009,12,178,383.187951537488,1,1,0.464524,NA,39.4636116,-111.1463852,4876319,2267
"307",7097,2010,15.5,144.25,230.683323060379,1,1,0.60318475,500,39.4636116,-111.1463852,4876319,2267
"308",7097,2011,14.75,215.25,339.890559510049,1,1,0.5799575,NA,39.4636116,-111.1463852,4876319,2267
"309",7097,2012,18,229.25,376.424794359577,1,1,0.6,NA,39.4636116,-111.1463852,4876319,2267
"310",7097,2013,19.375,388.375,680.912162162162,1,1,0.6,NA,39.4636116,-111.1463852,4876319,2267
"311",7097,2014,16.5,375.25,679.03710566754,0.953125,1,0.6,NA,39.4636116,-111.1463852,4876319,2267
"312",7097,2015,14.5,444.25,1390.59929494712,0.8125,1,0.6,NA,39.4636116,-111.1463852,4876319,2267
"313",7097,2016,18.5,358.75,1236.95652173913,0.625,1,0.6,NA,39.4636116,-111.1463852,4876319,2267
"314",7097,2018,22,414,681.271452043003,0.906266666666667,1,0.646666666666667,NA,39.4636116,-111.1463852,4876319,2267
"315",7097,2019,11,68.5,102.643948296122,1,1,0.6,NA,39.4636116,-111.1463852,4876319,2267
"316",7097,2021,13.75,366.25,592.405992949471,1,1,0.6,NA,39.4636116,-111.1463852,4876319,2267
"317",7097,2022,5,53,71.6216216216216,1,1,0.74,NA,39.4636116,-111.1463852,4876319,2267
"318",7099,2009,22,154,331.52216031895,1,1,0.464524,NA,39.46027756,-111.1652756,4876321,2384
"319",7099,2010,22.25,192,386.128221466137,0.890625,1,0.60318475,500,39.46027756,-111.1652756,4876321,2384
"320",7099,2011,14.5,124,217.847177191488,0.875,1,0.5799575,NA,39.46027756,-111.1652756,4876321,2384
"321",7099,2012,17.75,114.75,313.229581533295,0.72625,1,0.6,NA,39.46027756,-111.1652756,4876321,2384
"322",7099,2013,16.75,94,158.490011750881,1,1,0.6,NA,39.46027756,-111.1652756,4876321,2384
"323",7099,2014,14.5,250.25,964.203877790834,0.71875,1,0.6,NA,39.46027756,-111.1652756,4876321,2384
"324",7099,2015,12.25,68.5,259.964467573163,0.765625,1,0.6,NA,39.46027756,-111.1652756,4876321,2384
"325",7099,2016,14.25,84,216.226708074534,0.734375,1,0.6,NA,39.46027756,-111.1652756,4876321,2384
"326",7099,2018,21.6666666666667,208.666666666667,518.259061737323,0.770833333333333,1,0.646666666666667,NA,39.46027756,-111.1652756,4876321,2384
"327",7099,2019,9.25,80.75,341.671562867215,0.8125,1,0.6,NA,39.46027756,-111.1652756,4876321,2384
"328",7099,2021,8,148.25,205.273207990599,1,1,0.6,NA,39.46027756,-111.1652756,4876321,2384
"329",7099,2022,2.5,21,28.3783783783784,1,1,0.74,NA,39.46027756,-111.1652756,4876321,2384
"330",7101,2009,26,258,555.40725559928,1,1,0.464524,NA,39.45972061,-111.167778,4876321,2400
"331",7101,2010,20.5,329.5,751.765205989526,0.890625,1,0.60318475,500,39.45972061,-111.167778,4876321,2400
"332",7101,2011,20.75,311.25,858.474090227854,0.71875,1,0.579555,NA,39.45972061,-111.167778,4876321,2400
"333",7101,2012,26.75,478.5,1492.32110435066,0.601575,1,0.6,NA,39.45972061,-111.167778,4876321,2400
"334",7101,2013,27.25,359,664.560600973644,0.96875,1,0.6,NA,39.45972061,-111.167778,4876321,2400
"335",7101,2014,21.5,353.25,953.639975379106,0.6875,1,0.6,NA,39.45972061,-111.167778,4876321,2400
"336",7101,2015,18.5,235.375,653.883858681574,0.77375,1,0.6,NA,39.45972061,-111.167778,4876321,2400
"337",7101,2016,17.5,270.25,1077.15083095518,0.525,1,0.6,NA,39.45972061,-111.167778,4876321,2400
"338",7101,2018,18.3333333333333,431.333333333333,1229.22612053047,0.8125,1,0.646666666666667,NA,39.45972061,-111.167778,4876321,2400
"339",7101,2019,6.25,64.75,97.1650998824912,1,1,0.6,NA,39.45972061,-111.167778,4876321,2400
"340",7101,2021,11.75,321,586.741088915002,0.9375,1,0.6,NA,39.45972061,-111.167778,4876321,2400
"341",7101,2022,8.5,328,443.243243243243,1,1,0.74,NA,39.45972061,-111.167778,4876321,2400
"342",8083,2002,2.33333333333333,3.66666666666667,39.426523297491,1,1,0.093,250,38.0364,-112.06,10805499,2303
"343",8083,2003,2,274.666666666667,3680.28673835125,0.875,1,0.093,250,38.0364,-112.06,10805499,2303
"344",8083,2004,9.66666666666667,564,14204.3010752688,0.583333333333333,1,0.093,250,38.0364,-112.06,10805499,2303
"345",8083,2010,18,608,1095.4954954955,0.75,1,0.74,500,38.0364,-112.06,10805499,2303
"346",9515,2009,18,503,1350.3355704698,0.18625,1,2,NA,40.709812,-111.7959,10389462,1464
"347",9515,2010,23,250,5405.40540540541,0.0625,1,0.74,NA,40.709812,-111.7959,10389462,1464
"348",9515,2011,18.5,950,942.1875,0.75,1,1.28,NA,40.709812,-111.7959,10389462,1464
"349",9515,2012,17,279,6032.43243243243,0.0625,1,0.74,NA,40.709812,-111.7959,10389462,1464
"350",10031,1991,2,4,43.010752688172,1,1,0.093,500,39.9,-114,10682292,1820
"351",10031,1993,12.3333333333333,71.6666666666667,770.609318996416,1,1,0.093,500,39.9,-114,10682292,1820
"352",10031,1994,13.3333333333333,68.3333333333333,734.767025089606,1,1,0.093,500,39.9,-114,10682292,1820
"353",10031,1996,16,272,3899.64157706093,0.75,1,0.093,280,39.9,-114,10682292,1820
"354",10078,2002,9,38,51.0752688172043,1,1,0.744,500,39.8411,-109.8447,3897037,1575
"355",10078,2006,5,9,12.0967741935484,1,1,0.744,500,39.8411,-109.8447,3897037,1575
"356",10078,2007,20,388,521.505376344086,1,1,0.744,500,39.8411,-109.8447,3897037,1575
"357",10078,2008,25,259,348.118279569892,1,1,0.744,500,39.8411,-109.8447,3897037,1575
"358",10079,2001,10,147,263.440860215054,0.75,1,0.744,500,39.7478,-109.9447,3897409,1409
"359",10079,2002,13,64,86.0215053763441,1,1,0.744,500,39.7478,-109.9447,3897409,1409
"360",10079,2006,21,507,908.602150537634,0.75,1,0.744,500,39.7478,-109.9447,3897409,1409
"361",10079,2007,18,653,877.688172043011,1,1,0.744,500,39.7478,-109.9447,3897409,1409
"362",10096,2001,12,122,163.978494623656,1,1,0.744,500,39.2822,-110.0741,3897885,1287
"363",10096,2006,17,429,576.612903225806,1,1,0.744,500,39.2822,-110.0741,3897885,1287
"364",10096,2007,23,396,532.258064516129,1,1,0.744,NA,39.2822,-110.0741,3897885,1287
"365",10096,2017,20,424,4559.13978494624,1,1,0.093,NA,39.2822,-110.0741,3897885,1287
"366",10099,2002,15,232,311.827956989247,1,1,0.744,500,39.2172,-110.0758,3897907,1276
"367",10099,2006,16,159,213.709677419355,1,1,0.744,500,39.2172,-110.0758,3897907,1276
"368",10099,2007,17,256,344.086021505376,1,1,0.744,500,39.2172,-110.0758,3897907,1276
"369",10099,2008,24,519,1395.16129032258,0.5,1,0.744,500,39.2172,-110.0758,3897907,1276
"370",10122,2001,1,2,2.68817204301075,1,1,0.744,500,40.513,-109.132383,1370812,1517
"371",10122,2002,17,164,503.84024577573,0.4375,1,0.744,500,40.513,-109.132383,1370812,1517
"372",10122,2003,17,354,475.806451612903,1,1,0.744,500,40.513,-109.132383,1370812,1517
"373",10122,2005,9,180,241.935483870968,1,1,0.744,500,40.513,-109.132383,1370812,1517
"374",10122,2009,18,413,595.315315315315,0.9375,1,0.74,500,40.513,-109.132383,1370812,1517
"375",10122,2010,18,490,1765.76576576577,0.375,1,0.74,500,40.513,-109.132383,1370812,1517
"376",10122,2011,18,572,1545.94594594595,0.5,1,0.74,NA,40.513,-109.132383,1370812,1517
"377",10122,2012,17,265,3817.78366852994,0.0938,1,0.74,NA,40.513,-109.132383,1370812,1517
"378",10123,2001,16,233,835.125448028674,0.375,1,0.744,500,40.497222,-109.171111,1374232,1510
"379",10123,2009,14,89,120.27027027027,1,1,0.74,500,40.497222,-109.171111,1374232,1510
"380",10123,2010,19,577,1247.56756756757,0.625,1,0.74,NA,40.497222,-109.171111,1374232,1510
"381",10123,2011,12,60,81.0810810810811,1,1,0.74,NA,40.497222,-109.171111,1374232,1510
"382",10123,2019,22,535,2095.57383470427,0.345,1,0.74,NA,40.497222,-109.171111,1374232,1510
"383",10135,2005,11,473,635.752688172043,1,1,0.744,500,40.539699,-109.062321,1370120,1538
"384",10135,2007,26,463,622.311827956989,1,1,0.744,500,40.539699,-109.062321,1370120,1538
"385",10135,2009,8,84,113.513513513514,1,1,0.74,500,40.539699,-109.062321,1370120,1538
"386",10135,2010,17,511,920.720720720721,0.75,1,0.74,NA,40.539699,-109.062321,1370120,1538
"387",10135,2011,19,436,2356.75675675676,0.25,1,0.74,NA,40.539699,-109.062321,1370120,1538
"388",10135,2012,18,504,2179.45945945946,0.3125,1,0.74,NA,40.539699,-109.062321,1370120,1538
"389",10136,2009,17,176,237.837837837838,1,1,0.74,500,40.540796,-109.05819,1370116,1542
"390",10136,2010,22,186,251.351351351351,1,1,0.74,500,40.540796,-109.05819,1370116,1542
"391",10136,2011,13,236,318.918918918919,1,1,0.74,NA,40.540796,-109.05819,1370116,1542
"392",10136,2012,27,378,2724.32432432432,0.1875,1,0.74,NA,40.540796,-109.05819,1370116,1542
"393",10139,2007,18,373,3209.62923189184,0.1562,1,0.744,500,40.449517,-109.258033,1374280,1474
"394",10139,2009,19,337,455.405405405405,1,1,0.74,500,40.449517,-109.258033,1374280,1474
"395",10139,2010,23,514,1307.47217806041,0.53125,1,0.74,500,40.449517,-109.258033,1374280,1474
"396",10139,2011,15,529,1143.78378378378,0.625,1,0.74,NA,40.449517,-109.258033,1374280,1474
"397",10139,2012,14,197,709.90990990991,0.375,1,0.74,NA,40.449517,-109.258033,1374280,1474
"398",10139,2019,20,473,2556.75675675676,0.25,1,0.74,NA,40.449517,-109.258033,1374280,1474
"399",10141,2009,17,235,317.567567567568,1,1,0.74,500,40.46670194,-109.2013509,1374270,1491
"400",10141,2010,21,682,1843.24324324324,0.5,1,0.74,500,40.46670194,-109.2013509,1374270,1491
"401",10141,2011,14,400,540.540540540541,1,1,0.74,NA,40.46670194,-109.2013509,1374270,1491
"402",10141,2012,17,475,5135.13513513513,0.125,1,0.74,NA,40.46670194,-109.2013509,1374270,1491
"403",10141,2019,21,535,4625.54685203438,0.1563,1,0.74,NA,40.46670194,-109.2013509,1374270,1491
"404",10168,1993,5,928,7934.0651824493,0.171,1,0.684,250,40.909832,-109.4226074,10040950,1724
"405",10168,1994,5,948,5655.64723081582,0.22575,1,0.684,250,40.909832,-109.4226074,10040950,1724
"406",10168,1995,3,201,4296.19370062583,0.0684,1,0.684,250,40.909832,-109.4226074,10040950,1724
"407",10168,1996,4.4,136.2,2268.8748383905,0.25338,1,0.684,250,40.909832,-109.4226074,10040950,1724
"408",10168,1997,4.57142857142857,155.857142857143,1711.28996150714,0.465728571428571,1,0.684,250,40.909832,-109.4226074,10040950,1724
"409",10168,1998,5,135.5,3065.28666834084,0.06505,1,0.684,250,40.909832,-109.4226074,10040950,1724
"410",10168,1999,4,97,2073.28750726719,0.0684,1,0.684,250,40.909832,-109.4226074,10040950,1724
"411",10168,2001,3,229,5434.98898762057,0.0616,1,0.684,250,40.909832,-109.4226074,10040950,1724
"412",10168,2007,4,235,5544.96375717306,0.0616,1,0.688,250,40.909832,-109.4226074,10040950,1724
"413",10168,2009,3,203.5,3810.82501583572,0.08206,1,0.684,375,40.909832,-109.4226074,10040950,1724
"414",10168,2010,1.5,246,4335.99223559694,0.09259,1,0.686,250,40.909832,-109.4226074,10040950,1724
"415",10168,2011,2,233,5533.51648560431,0.06156,1,0.684,NA,40.909832,-109.4226074,10040950,1724
"416",10168,2012,3,255,3914.40501043841,0.0958,1,0.68,NA,40.909832,-109.4226074,10040950,1724
"417",10168,2015,5,415,4825.58139534884,0.125,1,0.688,NA,40.909832,-109.4226074,10040950,1724
"418",10168,2017,7,79,1400.31196823596,0.082,1,0.688,NA,40.909832,-109.4226074,10040950,1724
"419",10168,2018,3.5,161,1697.14952249034,0.2041,1,0.688,NA,40.909832,-109.4226074,10040950,1724
"420",10168,2019,6,306.333333333333,6172.95293429723,0.3733,1,0.705333333333333,NA,40.909832,-109.4226074,10040950,1724
"421",10168,2020,11,29,337.209302325581,0.125,1,0.688,NA,40.909832,-109.4226074,10040950,1724
"422",10168,2021,6,239,2583.78378378378,0.125,1,0.74,NA,40.909832,-109.4226074,10040950,1724
"423",10168,2022,8,137,740.540540540541,0.25,1,0.74,NA,40.909832,-109.4226074,10040950,1724
"424",10168,2023,3,5,6.94444444444444,1,1,0.72,NA,40.909832,-109.4226074,10040950,1724
"425",10169,1994,4,166,3222.97554421689,0.0753,1,0.684,250,40.90240097,-109.3696976,10041022,1718
"426",10169,1996,3,175,255.847953216374,1,1,0.684,250,40.90240097,-109.3696976,10041022,1718
"427",10169,1997,4.5,154.25,2182.05036112354,0.30305,1,0.684,250,40.90240097,-109.3696976,10041022,1718
"428",10169,2001,5,51,74.5614035087719,1,1,0.684,250,40.90240097,-109.3696976,10041022,1718
"429",10169,2002,7,254,5429.02089531822,0.0684,1,0.684,250,40.90240097,-109.3696976,10041022,1718
"430",10169,2006,4,226,3428.8974122445,0.0958,1,0.688,250,40.90240097,-109.3696976,10041022,1718
"431",10169,2007,8.5,247,6131.54185675605,0.0583,1,0.686,250,40.90240097,-109.3696976,10041022,1718
"432",10169,2009,4,257.5,5549.70898409905,0.0684,1,0.684,250,40.90240097,-109.3696976,10041022,1718
"433",10169,2011,4,132,1651.68141167709,0.11684,1,0.684,NA,40.90240097,-109.3696976,10041022,1718
"434",10169,2012,5,236,3903.9237742341,0.0889,1,0.68,NA,40.90240097,-109.3696976,10041022,1718
"435",10169,2013,10,323,469.476744186047,1,1,0.688,NA,40.90240097,-109.3696976,10041022,1718
"436",10169,2018,6,171,3305.139782286,0.0752,1,0.688,NA,40.90240097,-109.3696976,10041022,1718
"437",10169,2019,7.5,309.5,6587.20930232558,0.53125,1,0.688,NA,40.90240097,-109.3696976,10041022,1718
"438",10169,2020,11,127,206.294236602629,0.875,1,0.689,NA,40.90240097,-109.3696976,10041022,1718
"439",10169,2021,13.5,143.5,2676.44787644788,0.25,1,0.74,NA,40.90240097,-109.3696976,10041022,1718
"440",10169,2022,11,174.5,2571.65586639271,0.09328,1,0.74,NA,40.90240097,-109.3696976,10041022,1718
"441",10171,1993,8,908,5105.71300044984,0.26,1,0.684,250,40.90999985,-109.327301,10040982,1700
"442",10171,1994,4.5,511.666666666667,4197.58653932786,0.295533333333333,1,0.684,250,40.90999985,-109.327301,10040982,1700
"443",10171,1995,3,91,2085.43188113825,0.065,1,0.684,250,40.90999985,-109.327301,10040982,1700
"444",10171,1996,4.5,52.5,1156.35258179118,0.065,1,0.684,250,40.90999985,-109.327301,10040982,1700
"445",10171,1997,4,105,2144.42160473823,0.06845,1,0.684,250,40.90999985,-109.327301,10040982,1700
"446",10171,1998,3.5,179,3825.14018758514,0.06845,1,0.684,250,40.90999985,-109.327301,10040982,1700
"447",10171,1999,6,143,3393.90142021721,0.0616,1,0.684,250,40.90999985,-109.327301,10040982,1700
"448",10171,2000,4,180,4070.35810893658,0.06495,1,0.684,250,40.90999985,-109.327301,10040982,1700
"449",10171,2002,6,139,2702.34540251338,0.0752,1,0.684,250,40.90999985,-109.327301,10040982,1700
"450",10171,2003,6,311,8266.8793195109,0.055,1,0.684,250,40.90999985,-109.327301,10040982,1700
"451",10171,2004,7,179,4248.3101693628,0.0616,1,0.684,250,40.90999985,-109.327301,10040982,1700
"452",10171,2005,5,228.5,4876.27677925945,0.0684,1,0.686,250,40.90999985,-109.327301,10040982,1700
"453",10171,2006,5,273.5,5755.43871258786,0.072,1,0.686,250,40.90999985,-109.327301,10040982,1700
"454",10171,2007,7.5,308,5329.37495059537,0.08765,1,0.685,250,40.90999985,-109.327301,10040982,1700
"455",10171,2008,9,284,6070.24383571013,0.0684,1,0.684,375,40.90999985,-109.327301,10040982,1700
"456",10171,2009,7.33333333333333,270.833333333333,3712.4396084076,0.09965,1,0.730666666666667,450,40.90999985,-109.327301,10040982,1700
"457",10171,2010,4.66666666666667,289.333333333333,2966.02566531775,0.15732,1,0.721333333333333,500,40.90999985,-109.327301,10040982,1700
"458",10171,2011,4.5,212,4596.95779409537,0.06842,1,0.684,NA,40.90999985,-109.327301,10040982,1700
"459",10171,2012,6,252,6016.04278074866,0.0616,1,0.68,NA,40.90999985,-109.327301,10040982,1700
"460",10171,2016,7,77,1790.6976744186,0.0625,1,0.688,NA,40.90999985,-109.327301,10040982,1700
"461",10171,2017,9,143,2131.78294573643,0.0975,1,0.688,NA,40.90999985,-109.327301,10040982,1700
"462",10171,2019,12,564,6558.13953488372,0.125,1,0.688,NA,40.90999985,-109.327301,10040982,1700
"463",10171,2020,12,342,7930.4347826087,0.0625,1,0.69,NA,40.90999985,-109.327301,10040982,1700
"464",10171,2021,13.5,224.5,763.063063063063,0.5,1,0.74,NA,40.90999985,-109.327301,10040982,1700
"465",10171,2022,9.33333333333333,197,2658.53281245094,0.149766666666667,1,0.74,NA,40.90999985,-109.327301,10040982,1700
"466",10171,2023,6.5,19,26.3888888888889,1,1,0.72,NA,40.90999985,-109.327301,10040982,1700
"467",10173,1994,4,185,4390.71162755373,0.0616,1,0.684,250,40.91040039,-109.2652969,10041028,1689
"468",10173,1996,6,127.5,2851.42958850253,0.065,1,0.684,250,40.91040039,-109.2652969,10041028,1689
"469",10173,1997,5.66666666666667,200.666666666667,4200.63178608866,0.0684333333333333,1,0.684,250,40.91040039,-109.2652969,10041028,1689
"470",10173,1998,7,163.5,3294.89798237933,0.0719,1,0.684,250,40.91040039,-109.2652969,10041028,1689
"471",10173,2000,4,285,6764.06926406926,0.0616,1,0.684,280,40.91040039,-109.2652969,10041028,1689
"472",10173,2002,7,151,3583.77003113845,0.0616,1,0.684,250,40.91040039,-109.2652969,10041028,1689
"473",10173,2003,4,288,6846.38425331622,0.0615,1,0.684,250,40.91040039,-109.2652969,10041028,1689
"474",10173,2004,6.5,225,4809.17205293937,0.0684,1,0.684,250,40.91040039,-109.2652969,10041028,1689
"475",10173,2005,6,280.5,5438.65662372573,0.0752,1,0.686,250,40.91040039,-109.2652969,10041028,1689
"476",10173,2006,5.33333333333333,295.666666666667,7276.17251273466,0.0617333333333333,1,0.684,333.333333333333,40.91040039,-109.2652969,10041028,1689
"477",10173,2007,9,329.75,6268.975450179,0.084225,1,0.685,250,40.91040039,-109.2652969,10041028,1689
"478",10173,2008,9,333.333333333333,6239.63790679253,0.0774666666666667,1,0.684,250,40.91040039,-109.2652969,10041028,1689
"479",10173,2009,5.5,242,4365.99582490626,0.08208,1,0.684,250,40.91040039,-109.2652969,10041028,1689
"480",10173,2010,4,263,5015.78833373232,0.08208,1,0.684,NA,40.91040039,-109.2652969,10041028,1689
"481",10173,2013,10.25,447.5,5135.41524471966,0.53905,1,0.688,NA,40.91040039,-109.2652969,10041028,1689
"482",10173,2014,13,199,3846.3322612568,0.0752,1,0.688,NA,40.91040039,-109.2652969,10041028,1689
"483",10173,2015,13.5,262,3694.12144702842,0.15625,1,0.686,NA,40.91040039,-109.2652969,10041028,1689
"484",10173,2016,12,237,4410.71375398267,0.0781,1,0.688,NA,40.91040039,-109.2652969,10041028,1689
"485",10173,2018,8,211,1635.65891472868,0.1875,1,0.688,NA,40.91040039,-109.2652969,10041028,1689
"486",10173,2019,15.5,348,4507.7519379845,0.140625,1,0.688,NA,40.91040039,-109.2652969,10041028,1689
"487",10173,2020,12,257,3970.82908439171,0.0938,1,0.69,NA,40.91040039,-109.2652969,10041028,1689
"488",10173,2021,13.6666666666667,305.666666666667,2137.19433719434,0.270833333333333,1,0.74,NA,40.91040039,-109.2652969,10041028,1689
"489",10173,2022,12.5,232.5,4870.48344878897,0.06495,1,0.74,NA,40.91040039,-109.2652969,10041028,1689
"490",10173,2023,11,198,1847.48619233268,0.54446,1,0.72,NA,40.91040039,-109.2652969,10041028,1689
"491",10174,1994,7.25,573,3605.76691655313,0.436425,1,0.684,250,40.89852142,-109.1711655,10041230,1664
"492",10174,1996,5.6,187.8,4141.12891603667,0.06706,1,0.684,250,40.89852142,-109.1711655,10041230,1664
"493",10174,1997,8.25,203.75,4371.39152839271,0.070125,1,0.684,250,40.89852142,-109.1711655,10041230,1664
"494",10174,1998,10.6666666666667,201.333333333333,4353.312496524,0.0684666666666667,1,0.684,250,40.89852142,-109.1711655,10041230,1664
"495",10174,1999,9,230,5292.77258655529,0.0638666666666667,1,0.684,250,40.89852142,-109.1711655,10041230,1664
"496",10174,2000,7,155,3678.70433659907,0.0616,1,0.684,280,40.89852142,-109.1711655,10041230,1664
"497",10174,2002,9.25,198.75,3697.01370197922,0.303,1,0.684,250,40.89852142,-109.1711655,10041230,1664
"498",10174,2003,11,200,4746.71527303106,0.0616,1,0.684,250,40.89852142,-109.1711655,10041230,1664
"499",10174,2004,12.3333333333333,265.333333333333,5196.6366438122,0.0752,1,0.684,250,40.89852142,-109.1711655,10041230,1664
"500",10174,2005,9.25,282.25,5262.89036963262,0.0786,1,0.685,250,40.89852142,-109.1711655,10041230,1664
"501",10174,2006,12.75,327.75,3585.84510003574,0.40915,1,0.685,312.5,40.89852142,-109.1711655,10041230,1664
"502",10174,2007,14,261.4,1917.87479033501,0.415,1,0.6848,250,40.89852142,-109.1711655,10041230,1664
"503",10174,2008,15.5,328.5,3048.24561403509,0.171875,1,0.684,312.5,40.89852142,-109.1711655,10041230,1664
"504",10174,2009,11.6666666666667,185.333333333333,2212.18911594444,0.123113333333333,1,0.684,250,40.89852142,-109.1711655,10041230,1664
"505",10174,2010,9.5,157,1903.25874167772,0.14706,1,0.686,250,40.89852142,-109.1711655,10041230,1664
"506",10174,2011,8,181,1842.24368588788,0.14364,1,0.684,NA,40.89852142,-109.1711655,10041230,1664
"507",10174,2012,8,150.333333333333,1745.92946717027,0.1452,1,0.684,NA,40.89852142,-109.1711655,10041230,1664
"508",10174,2013,11.3333333333333,147.333333333333,886.965070946099,0.4375,1,0.686666666666667,NA,40.89852142,-109.1711655,10041230,1664
"509",10174,2014,14.6666666666667,207,2351.74418604651,0.354166666666667,1,0.688,NA,40.89852142,-109.1711655,10041230,1664
"510",10174,2015,13,248.5,4849.8299868457,0.0781,1,0.688,NA,40.89852142,-109.1711655,10041230,1664
"511",10174,2018,14.5,173,2283.84019081694,0.11125,1,0.688,NA,40.89852142,-109.1711655,10041230,1664
"512",10174,2019,14,350,2709.3023255814,0.1875,1,0.688,NA,40.89852142,-109.1711655,10041230,1664
"513",10174,2021,13,256,1383.78378378378,0.25,1,0.74,NA,40.89852142,-109.1711655,10041230,1664
"514",10174,2023,14,186,318.981481481482,0.875,1,0.72,NA,40.89852142,-109.1711655,10041230,1664
"515",10177,1996,7,214,1534.05017921147,0.25,1,0.558,250,40.86470032,-109.1399994,10041106,1647
"516",10177,1998,9,230,5152.71534288054,0.06505,1,0.684,250,40.86470032,-109.1399994,10041106,1647
"517",10177,1999,6,194.5,4197.68695594563,0.0684,1,0.684,250,40.86470032,-109.1399994,10041106,1647
"518",10177,2000,7.33333333333333,249.666666666667,5495.27134630243,0.0661333333333333,1,0.684,343.333333333333,40.86470032,-109.1399994,10041106,1647
"519",10177,2001,9.66666666666667,174.333333333333,3826.85118740886,0.0707,1,0.684,333.333333333333,40.86470032,-109.1399994,10041106,1647
"520",10177,2002,8,279,4974.32605905006,0.082,1,0.684,250,40.86470032,-109.1399994,10041106,1647
"521",10177,2003,10,237.5,5150.59040893399,0.068375,1,0.684,250,40.86470032,-109.1399994,10041106,1647
"522",10177,2004,12.5,332,3605.2787109618,0.2876,1,0.684,250,40.86470032,-109.1399994,10041106,1647
"523",10177,2005,10.3333333333333,312,5906.61135501103,0.0774666666666667,1,0.685333333333333,250,40.86470032,-109.1399994,10041106,1647
"524",10177,2006,10.75,296.75,2758.70828399226,0.3955,1,0.685,312.5,40.86470032,-109.1399994,10041106,1647
"525",10177,2007,14.2,370.2,1293.8256493948,0.475,1,0.6848,250,40.86470032,-109.1399994,10041106,1647
"526",10177,2008,16.5,369,1330.1656920078,0.59375,1,0.684,312.5,40.86470032,-109.1399994,10041106,1647
"527",10177,2009,12,219.5,2331.60208145739,0.167525,1,0.684,250,40.86470032,-109.1399994,10041106,1647
"528",10177,2010,9.75,218.5,3411.64222146062,0.093055,1,0.686,375,40.86470032,-109.1399994,10041106,1647
"529",10177,2011,10,188.75,2620.72779425686,0.1117675,1,0.675,500,40.86470032,-109.1399994,10041106,1647
"530",10177,2012,9,172.333333333333,2000.16837039185,0.179066666666667,1,0.684,NA,40.86470032,-109.1399994,10041106,1647
"531",10177,2013,12.6666666666667,224,1100.73127101437,0.489666666666667,1,0.686666666666667,NA,40.86470032,-109.1399994,10041106,1647
"532",10177,2014,14,209.5,1327.80226106463,0.2656,1,0.688,NA,40.86470032,-109.1399994,10041106,1647
"533",10177,2015,14,108.5,2383.91941513117,0.0664,1,0.688,NA,40.86470032,-109.1399994,10041106,1647
"534",10177,2016,14.3333333333333,150.666666666667,2262.81335469567,0.0944333333333333,1,0.688,NA,40.86470032,-109.1399994,10041106,1647
"535",10177,2017,11.6666666666667,218.333333333333,4299.64706623811,0.0826666666666667,1,0.688,NA,40.86470032,-109.1399994,10041106,1647
"536",10177,2018,10.5,162,2322.74532047646,0.1035,1,0.688,NA,40.86470032,-109.1399994,10041106,1647
"537",10177,2019,11,370,6040.6976744186,0.28125,1,0.688,NA,40.86470032,-109.1399994,10041106,1647
"538",10177,2020,14,338.666666666667,5314.75202698661,0.103866666666667,1,0.689333333333333,NA,40.86470032,-109.1399994,10041106,1647
"539",10177,2021,13,341.5,4351.74321442978,0.1094,1,0.74,NA,40.86470032,-109.1399994,10041106,1647
"540",10177,2022,12,289,6248.64864864865,0.0625,1,0.74,NA,40.86470032,-109.1399994,10041106,1647
"541",10177,2023,8,278,514.814814814815,0.75,1,0.72,NA,40.86470032,-109.1399994,10041106,1647
"542",10229,1998,5,26,34.9462365591398,1,1,0.744,500,37.7756,-111.579,3277835,1740
"543",10229,2000,6,55,73.9247311827957,1,1,0.744,500,37.7756,-111.579,3277835,1740
"544",10229,2001,2,4,5.37634408602151,1,1,0.744,500,37.7756,-111.579,3277835,1740
"545",10229,2002,7.5,51.5,69.2204301075269,1,1,0.744,500,37.7756,-111.579,3277835,1740
"546",10229,2003,5.5,384,1949.59677419355,0.625,1,0.744,375,37.7756,-111.579,3277835,1740
"547",10229,2004,12,219,294.354838709677,1,1,0.744,250,37.7756,-111.579,3277835,1740
"548",10232,1998,14,315,3387.09677419355,0.125,1,0.744,500,37.8551,-111.3553,3277707,1740
"549",10232,2000,8.8,277.2,1737.95698924731,0.575,1,0.744,500,37.8551,-111.3553,3277707,1740
"550",10232,2001,10.25,176.5,529.345878136201,0.84375,1,0.651,500,37.8551,-111.3553,3277707,1740
"551",10232,2002,9,432,900.537634408602,0.75,1,0.744,500,37.8551,-111.3553,3277707,1740
"552",10232,2003,15.5,635.5,1138.88888888889,0.75,1,0.744,375,37.8551,-111.3553,3277707,1740
"553",10232,2004,17,382,513.440860215054,1,1,0.744,250,37.8551,-111.3553,3277707,1740
"554",10232,2010,2,10,35.880875493362,1,1,0.2787,NA,37.8551,-111.3553,3277707,1740
"555",10234,2000,6.2,197.8,720.993343573989,0.7,1,0.744,500,37.8649,-111.3129,3277657,1706
"556",10234,2001,4.5,81.25,190.524193548387,0.875,1,0.651,500,37.8649,-111.3129,3277657,1706
"557",10234,2002,3.5,29.5,124.10394265233,0.59375,1,0.744,500,37.8649,-111.3129,3277657,1706
"558",10234,2003,14,312,419.354838709677,1,1,0.744,250,37.8649,-111.3129,3277657,1706
"559",10234,2004,9,48,64.5161290322581,1,1,0.744,250,37.8649,-111.3129,3277657,1706
"560",10237,2000,13,213,286.290322580645,1,1,0.744,500,37.7761,-111.4188,3277833,1593
"561",10237,2001,14,378,508.064516129032,1,1,0.744,500,37.7761,-111.4188,3277833,1593
"562",10237,2003,18,488,1749.10394265233,0.375,1,0.744,250,37.7761,-111.4188,3277833,1593
"563",10237,2004,17,263,353.494623655914,1,1,0.744,250,37.7761,-111.4188,3277833,1593
"564",10255,1999,14,239,367.127496159754,0.875,1,0.744,500,37.8155,-111.6082,3277827,1835
"565",10255,2001,17,343,666.666666666667,1,1,0.62,500,37.8155,-111.6082,3277827,1835
"566",10255,2002,20.5,398.5,1555.91397849462,0.34375,1,0.744,500,37.8155,-111.6082,3277827,1835
"567",10255,2003,14.5,211,283.602150537634,1,1,0.744,375,37.8155,-111.6082,3277827,1835
"568",10255,2004,17,177,237.903225806452,1,1,0.744,250,37.8155,-111.6082,3277827,1835
"569",10262,1999,10,126,169.354838709677,1,1,0.744,500,37.7746,-111.4577,3277847,1621
"570",10262,2000,9,29,38.9784946236559,1,1,0.744,500,37.7746,-111.4577,3277847,1621
"571",10262,2004,15,137,184.139784946237,1,1,0.744,250,37.7746,-111.4577,3277847,1621
"572",10262,2011,7,112,201.801801801802,0.75,1,0.74,NA,37.7746,-111.4577,3277847,1621
"573",10320,1999,16,172,369.89247311828,0.625,1,0.744,500,37.9633,-111.6518,3277521,2365
"574",10320,2000,19.6666666666667,352.333333333333,1047.78972520908,0.5,1,0.744,500,37.9633,-111.6518,3277521,2365
"575",10320,2001,22,376,673.835125448029,0.75,1,0.744,500,37.9633,-111.6518,3277521,2365
"576",10320,2002,18,342,969.310035842294,0.6875,1,0.744,500,37.9633,-111.6518,3277521,2365
"577",10320,2003,24,625,3360.21505376344,0.25,1,0.744,250,37.9633,-111.6518,3277521,2365
"578",10337,1999,16,300,537.634408602151,0.75,1,0.744,500,37.7931,-111.4133,3277833,1666
"579",10337,2000,11,377.333333333333,1828.85304659498,0.625,1,0.744,500,37.7931,-111.4133,3277833,1666
"580",10337,2001,17,208,316.308243727599,1,1,0.62,500,37.7931,-111.4133,3277833,1666
"581",10337,2002,21.5,257,522.61694115512,0.6875,1,0.7275,500,37.7931,-111.4133,3277833,1666
"582",10337,2003,16,790,1415.770609319,0.75,1,0.744,500,37.7931,-111.4133,3277833,1666
"583",10344,2000,8.25,99.25,133.400537634409,1,1,0.744,500,37.7755,-111.4185,3277839,1593
"584",10344,2001,10.5,136,227.150537634409,1,1,0.651,500,37.7755,-111.4185,3277839,1593
"585",10344,2002,15.5,203,338.037634408602,0.875,1,0.744,500,37.7755,-111.4185,3277839,1593
"586",10344,2003,11.5,407.5,606.662826420891,0.9375,1,0.744,375,37.7755,-111.4185,3277839,1593
"587",10344,2004,7,116,155.913978494624,1,1,0.744,250,37.7755,-111.4185,3277839,1593
"588",10345,2000,15.6666666666667,239,1190.86021505376,0.375,1,0.744,500,37.9013,-111.4367,3277569,1970
"589",10345,2001,19.25,379.5,1268.25716845878,0.65625,1,0.651,500,37.9013,-111.4367,3277569,1970
"590",10345,2002,20.5,393.5,994.623655913979,0.625,1,0.744,500,37.9013,-111.4367,3277569,1970
"591",10345,2004,28,422,567.204301075269,1,1,0.744,250,37.9013,-111.4367,3277569,1970
"592",11436,1998,9,58.8333333333333,632.616487455197,1,1,0.093,280,38.38460159,-109.209198,18382081,2537
"593",11436,2012,31,434,4691.89189189189,0.125,1,0.74,NA,38.38460159,-109.209198,18382081,2537
"594",11436,2016,31,497,1343.24324324324,0.5,1,0.74,NA,38.38460159,-109.209198,18382081,2537
"595",11436,2020,38,581,4187.38738738739,0.1875,1,0.74,NA,38.38460159,-109.209198,18382081,2537
"596",11882,2015,17.1666666666667,274.666666666667,6450.71894922641,0.280025,1,0.415,NA,39.683401,-111.167527,3906525,2490
"597",11882,2016,18.5,313.333333333333,9861.08863929696,0.265633333333333,1,0.415,NA,39.683401,-111.167527,3906525,2490
"598",11882,2019,19,295,9004.3220649387,0.4271,1,0.09,NA,39.683401,-111.167527,3906525,2490
"599",11882,2020,21.6666666666667,510.333333333333,7871.19341563786,0.770833333333333,1,0.09,NA,39.683401,-111.167527,3906525,2490
"600",11910,1999,17,319,3430.10752688172,0.125,1,0.744,500,41.7748,-111.6105,664362,1687
"601",11910,2011,22,689,7448.64864864865,0.125,1,0.74,NA,41.7748,-111.6105,664362,1687
"602",11910,2012,25,647.5,8378.91815055994,0.132825,1,0.74,NA,41.7748,-111.6105,664362,1687
"603",11910,2013,21.3333333333333,595.666666666667,8962.16216216216,0.104166666666667,1,0.74,NA,41.7748,-111.6105,664362,1687
"604",11911,1999,24,308,2207.8853046595,0.1875,1,0.744,500,41.7817,-111.6397,664348,1612
"605",11911,2011,28,519,1870.27027027027,0.375,1,0.74,NA,41.7817,-111.6397,664348,1612
"606",11911,2012,23.25,447,3013.09067131648,0.675625,1,0.74,NA,41.7817,-111.6397,664348,1612
"607",11911,2013,24.6666666666667,524.333333333333,2078.07807807808,0.375,1,0.74,NA,41.7817,-111.6397,664348,1612
"608",12085,2010,25,502,5427.02702702703,0.125,1,0.74,NA,40.705173,-111.6925,10390258,2041
"609",12085,2011,21,607,3034.02911068458,0.1563,1,1.28,NA,40.705173,-111.6925,10390258,2041
"610",12085,2012,23,497,5344.08602150538,0.125,1,0.744,NA,40.705173,-111.6925,10390258,2041
"611",12085,2013,25,429,2144.31381957774,0.1563,1,1.28,NA,40.705173,-111.6925,10390258,2041
"612",12087,2009,34,632,842.666666666667,0.375,1,2,500,40.645691,-111.66565,10389548,2163
"613",12087,2010,23,392,1695.13513513514,0.3125,1,0.74,NA,40.645691,-111.66565,10389548,2163
"614",12087,2011,30,424,1325,0.25,1,1.28,NA,40.645691,-111.66565,10389548,2163
"615",12087,2012,29,532,3268.07021682294,0.2188,1,0.744,NA,40.645691,-111.66565,10389548,2163
"616",12087,2013,40,426,1638.66322008863,0.2031,1,1.28,NA,40.645691,-111.66565,10389548,2163
"617",12180,2009,29,544,2901.33333333333,0.09375,1,2,500,40.699993,-111.70107,10390258,1983
"618",12180,2010,27,463,5720.46332046332,0.109375,1,0.74,NA,40.699993,-111.70107,10390258,1983
"619",12180,2011,33,586,1831.25,0.25,1,1.28,NA,40.699993,-111.70107,10390258,1983
"620",12180,2012,28,439,1110.58491142643,0.5313,1,0.744,NA,40.699993,-111.70107,10390258,1983
"621",12394,2009,14,116,132.571428571429,0.4375,1,2,500,40.780453,-111.88404,10389370,1385
"622",12394,2010,12,745,2013.51351351351,0.5,1,0.74,NA,40.780453,-111.88404,10389370,1385
"623",12394,2011,15,271,338.75,0.625,1,1.28,NA,40.780453,-111.88404,10389370,1385
"624",12394,2013,16.5,558.5,1101.953125,0.625,1,1.28,NA,40.780453,-111.88404,10389370,1385
"625",12525,2013,35,437,4703.83087736672,0.125,1,0.743224,NA,38.53976646,-112.3872341,3504505,2037
"626",12525,2014,29.5,362.5,1959.45945945946,0.25,1,0.74,NA,38.53976646,-112.3872341,3504505,2037
"627",12525,2015,25.5,386.5,2188.01578758522,0.25,1,0.7432,NA,38.53976646,-112.3872341,3504505,2037
"628",12525,2016,39,672,7233.58449946179,0.125,1,0.7432,NA,38.53976646,-112.3872341,3504505,2037
"629",13879,1998,10,263,25849.698256374,0.1094,1,0.093,280,40.8986,-109.9467,10039420,2749
"630",13879,2012,22,110.666666666667,495.796090057409,0.224,1,1.023,NA,40.8986,-109.9467,10039420,2749
"631",13879,2013,26.5,216.5,769.50146627566,0.28125,1,1.023,NA,40.8986,-109.9467,10039420,2749
"632",13879,2014,25,155.5,1107.41090764927,0.16345,1,1.0215,NA,40.8986,-109.9467,10039420,2749
"633",14579,2012,14.3333333333333,173.666666666667,2716.19420006517,0.0625,1,1.023,NA,40.83133,-110.00959,10038142,3143
"634",14579,2013,9,60,902.323482968644,0.065,1,1.023,NA,40.83133,-110.00959,10038142,3143
"635",14579,2014,11,36,265.768958185684,0.1328,1,1.02,NA,40.83133,-110.00959,10038142,3143
"636",14579,2018,22,237,3706.74486803519,0.0625,1,1.023,NA,40.83133,-110.00959,10038142,3143
"637",14593,2012,14,354,4181.35931888054,0.10155,1,1.023,NA,40.84817,-110.00114,10038118,3073
"638",14593,2013,16,473.5,1060.41055718475,0.46875,1,1.023,NA,40.84817,-110.00114,10038118,3073
"639",14593,2014,16.5,388,1626.68514477797,0.2344,1,1.0215,NA,40.84817,-110.00114,10038118,3073
"640",14593,2015,23,361,2831.37254901961,0.125,1,1.02,NA,40.84817,-110.00114,10038118,3073
"641",14593,2018,28,430,1120.8862821766,0.375,1,1.023,NA,40.84817,-110.00114,10038118,3073
"642",14596,2012,21.3333333333333,352.666666666667,1979.81989327297,0.250266666666667,1,1.023,NA,40.87755,-109.96436,10039566,2891
"643",14596,2013,25,259,468.230694037146,0.6875,1,1.023,NA,40.87755,-109.96436,10039566,2891
"644",14596,2014,16.5,372.25,2136.90989592318,0.203125,1,1.0215,NA,40.87755,-109.96436,10039566,2891
"645",14596,2015,17,340,1333.33333333333,0.25,1,1.02,NA,40.87755,-109.96436,10039566,2891
"646",19122,2009,27,378,3024,0.0625,1,2,500,40.688919,-111.71142,10389494,2020
"647",19122,2010,27,437,6871.74447174447,0.0859375,1,0.74,NA,40.688919,-111.71142,10389494,2020
"648",19122,2011,22,429,1787.5,0.1875,1,1.28,NA,40.688919,-111.71142,10389494,2020
"649",19122,2012,25,375,5373.47823096499,0.0938,1,0.744,NA,40.688919,-111.71142,10389494,2020
"650",19122,2013,18,286,1787.5,0.125,1,1.28,NA,40.688919,-111.71142,10389494,2020
"651",20040,2004,11,60,80.6451612903226,1,1,0.744,500,39.415,-111.1189,4876373,2116
"652",20040,2005,9,31,41.6666666666667,1,1,0.744,500,39.415,-111.1189,4876373,2116
"653",20040,2006,10,182,244.623655913978,1,1,0.744,500,39.415,-111.1189,4876373,2116
"654",20040,2007,2,4,5.37634408602151,1,1,0.744,500,39.415,-111.1189,4876373,2116
"655",20040,2008,7,95,127.688172043011,1,1,0.744,500,39.415,-111.1189,4876373,2116
"656",20040,2009,5,53,71.6216216216216,1,1,0.74,500,39.415,-111.1189,4876373,2116
"657",20040,2011,3,4,5.40540540540541,1,1,0.74,NA,39.415,-111.1189,4876373,2116
"658",20041,2004,9,54,72.5806451612903,1,1,0.744,500,39.4003,-111.1436,4876379,2454
"659",20041,2005,5,14,18.8172043010753,1,1,0.744,500,39.4003,-111.1436,4876379,2454
"660",20041,2006,12,154,206.989247311828,1,1,0.744,500,39.4003,-111.1436,4876379,2454
"661",20041,2007,14,115,154.569892473118,1,1,0.744,500,39.4003,-111.1436,4876379,2454
"662",20041,2008,8,48,64.5161290322581,1,1,0.744,500,39.4003,-111.1436,4876379,2454
"663",20041,2009,9,64,86.4864864864865,1,1,0.74,500,39.4003,-111.1436,4876379,2454
"664",20041,2011,4,5,6.75675675675676,1,1,0.74,NA,39.4003,-111.1436,4876379,2454
"665",20042,2004,7,38,51.0752688172043,1,1,0.744,500,39.4056,-111.1631,4876377,2414
"666",20042,2005,7,16,21.505376344086,1,1,0.744,500,39.4056,-111.1631,4876377,2414
"667",20042,2006,12,115,154.569892473118,1,1,0.744,500,39.4056,-111.1631,4876377,2414
"668",20042,2007,8,81,108.870967741935,1,1,0.744,500,39.4056,-111.1631,4876377,2414
"669",20042,2008,6,126,169.354838709677,1,1,0.744,500,39.4056,-111.1631,4876377,2414
"670",20042,2009,4,42,56.7567567567568,1,1,0.74,500,39.4056,-111.1631,4876377,2414
"671",20042,2014,15,582,786.486486486487,1,1,0.74,NA,39.4056,-111.1631,4876377,2414
"672",20042,2017,15,187,366.083445491252,0.6875,1,0.743,NA,39.4056,-111.1631,4876377,2414
"673",21660,2010,32,228.666666666667,7770.60931899641,0.3125,1,0.093,NA,38.5475719,-112.4805374,3504531,2173
"674",21660,2011,2,1.5,64.5161290322581,0.5,1,0.093,NA,38.5475719,-112.4805374,3504531,2173
"675",21660,2015,4,703,5373.66871752772,0.1563,1,0.837,NA,38.5475719,-112.4805374,3504531,2173
"676",21660,2018,27,311,6695.15516183546,0.0625,1,0.743224,NA,38.5475719,-112.4805374,3504531,2173
"677",21668,2003,14,288,2231.27490144685,0.605833333333333,1,0.279,250,38.567367,-112.466667,3504405,2055
"678",21668,2010,29,258.666666666667,15279.6081038739,0.197933333333333,1,0.093,NA,38.567367,-112.466667,3504405,2055
"679",21668,2011,5,5,71.6845878136201,0.75,1,0.093,NA,38.567367,-112.466667,3504405,2055
"680",21668,2014,6,314,424.324324324324,1,1,0.74,NA,38.567367,-112.466667,3504405,2055
"681",21668,2015,5,536,5123.05854241338,0.125,1,0.837,NA,38.567367,-112.466667,3504405,2055
"682",21706,2010,34,503,3625.22522522523,0.1875,1,0.74,500,40.637066,-111.62223,10389566,2310
"683",21706,2011,30,550,859.375,0.5,1,1.28,NA,40.637066,-111.62223,10389566,2310
"684",21706,2012,34,650,15884.6529814272,0.055,1,0.744,NA,40.637066,-111.62223,10389566,2310
"685",21706,2013,22,374,3115.00533049041,0.0938,1,1.28,NA,40.637066,-111.62223,10389566,2310
"686",21786,2009,27,367,1468,0.125,1,2,NA,40.8135,-111.835,10389298,1628
"687",21786,2011,28,491,3068.75,0.125,1,1.28,NA,40.8135,-111.835,10389298,1628
"688",21786,2012,32,438,3139.78494623656,0.1875,1,0.744,NA,40.8135,-111.835,10389298,1628
"689",21786,2013,26.5,372,2121.18227832907,0.53905,1,1.28,NA,40.8135,-111.835,10389298,1628
"690",21790,2009,14,47,23.5,1,1,2,NA,40.6199,-111.857,10390274,1364
"691",21790,2010,18,248.5,335.810810810811,1,1,0.74,NA,40.6199,-111.857,10390274,1364
"692",21790,2011,10,472,368.75,1,1,1.28,NA,40.6199,-111.857,10390274,1364
"693",21790,2012,4,28,50.179211469534,1,1,0.558,NA,40.6199,-111.857,10390274,1364
"694",21838,2009,26,572,915.2,0.3125,1,2,500,40.739006,-111.74191,10390256,1649
"695",21838,2010,23,523,1413.51351351351,0.5,1,0.74,NA,40.739006,-111.74191,10390256,1649
"696",21838,2011,21,363,324.107142857143,0.875,1,1.28,NA,40.739006,-111.74191,10390256,1649
"697",21838,2012,27,477,854.838709677419,0.75,1,0.744,NA,40.739006,-111.74191,10390256,1649
"698",21838,2013,28,410,854.166666666667,0.375,1,1.28,NA,40.739006,-111.74191,10390256,1649
"699",22999,2007,28,459,822.58064516129,0.75,1,0.744,500,41.833974,-111.591707,664240,1774
"700",22999,2008,21,397,715.315315315315,0.75,1,0.74,500,41.833974,-111.591707,664240,1774
"701",22999,2011,29,487,2632.43243243243,0.25,1,0.74,NA,41.833974,-111.591707,664240,1774
"702",22999,2012,27.5,561,6910.26612024693,0.132825,1,0.74,NA,41.833974,-111.591707,664240,1774
"703",22999,2013,31,488,3517.11711711712,0.1875,1,0.74,NA,41.833974,-111.591707,664240,1774
"704",23198,2009,6,592,2368,0.125,1,2,NA,40.676392,-111.88329,10389524,1305
"705",23198,2010,7,525,6486.48648648649,0.109375,1,0.74,NA,40.676392,-111.88329,10389524,1305
"706",23198,2011,5,552,492.857142857143,0.875,1,1.28,NA,40.676392,-111.88329,10389524,1305
"707",23198,2012,7,605,5202.63623167468,0.1563,1,0.744,NA,40.676392,-111.88329,10389524,1305
"708",23198,2013,4,80,571.297989031079,0.1094,1,1.28,NA,40.676392,-111.88329,10389524,1305
"709",23759,2000,27,220,675.883256528418,0.4375,1,0.744,500,41.7054,-111.8507,664526,1365
"710",23759,2015,15,527,11394.5945945946,0.0625,1,0.74,NA,41.7054,-111.8507,664526,1365
"711",23759,2016,20,409,14073.1182795699,0.3125,1,0.093,NA,41.7054,-111.8507,664526,1365
"712",23759,2017,26,276,1978.49462365591,0.375,1,0.372,NA,41.7054,-111.8507,664526,1365
"713",23813,2009,27,414,1472.26173541963,0.1406,1,2,500,40.581777,-111.62302,10389666,2776
"714",23813,2011,21,467,972.916666666667,0.375,1,1.28,NA,40.581777,-111.62302,10389666,2776
"715",23813,2012,23,543,5838.70967741936,0.125,1,0.744,NA,40.581777,-111.62302,10389666,2776
"716",23813,2013,21,428,764.285714285714,0.4375,1,1.28,NA,40.581777,-111.62302,10389666,2776
"717",23822,2009,31,507,1352,0.1875,1,2,500,40.534111,-111.811583,10389778,1670
"718",23822,2011,25,206,429.166666666667,0.375,1,1.28,NA,40.534111,-111.811583,10389778,1670
"719",23822,2012,33,450,4838.70967741936,0.125,1,0.744,NA,40.534111,-111.811583,10389778,1670
"720",23822,2013,24,440,392.857142857143,1,1,1.12,NA,40.534111,-111.811583,10389778,1670
"721",23823,2009,19,522,835.2,0.3125,1,2,500,40.57068,-111.718176,10389692,2025
"722",23823,2010,19,449,809.009009009009,0.75,1,0.74,NA,40.57068,-111.718176,10389692,2025
"723",23823,2011,22,497,776.5625,0.5,1,1.28,NA,40.57068,-111.718176,10389692,2025
"724",23823,2012,19,562,3021.50537634409,0.25,1,0.744,NA,40.57068,-111.718176,10389692,2025
"725",23823,2013,14,266,207.8125,1,1,1.28,NA,40.57068,-111.718176,10389692,2025
"726",23825,2009,8,513,2052,0.125,1,2,500,40.667917,-111.86094,10389524,1318
"727",23825,2011,5,429,1237.5,0.5625,1,1.28,NA,40.667917,-111.86094,10389524,1318
"728",23825,2012,10,663,4073.73271889401,0.25,1,0.651,NA,40.667917,-111.86094,10389524,1318
"729",23825,2013,6,171,854.726487523992,0.1563,1,1.28,NA,40.667917,-111.86094,10389524,1318
"730",23828,2009,24,424,1696,0.125,1,2,500,40.6358221,-111.69734,10389558,2103
"731",23828,2011,19,370,2312.5,0.125,1,1.28,NA,40.6358221,-111.69734,10389558,2103
"732",23828,2012,22,447,9612.90322580645,0.0625,1,0.744,NA,40.6358221,-111.69734,10389558,2103
"733",23828,2013,20,317,880.399040170636,0.2813,1,1.28,NA,40.6358221,-111.69734,10389558,2103
"734",23829,2009,22,354,944,0.1875,1,2,500,40.713879,-111.786016,10389462,1507
"735",23829,2011,17,182,142.1875,1,1,1.28,NA,40.713879,-111.786016,10389462,1507
"736",23829,2012,10,123,312.848138935095,0.5313,1,0.74,NA,40.713879,-111.786016,10389462,1507
"737",23829,2013,13,309,772.5,0.3125,1,1.28,NA,40.713879,-111.786016,10389462,1507
"738",23832,2009,23,389,444.571428571429,0.4375,1,2,500,40.576838,-111.612733,10389674,2889
"739",23832,2010,17,172,232.432432432432,1,1,0.74,NA,40.576838,-111.612733,10389674,2889
"740",23832,2011,15,81,253.125,0.25,1,1.28,NA,40.576838,-111.612733,10389674,2889
"741",23832,2012,25,452,3240.14336917563,0.1875,1,0.744,NA,40.576838,-111.612733,10389674,2889
"742",23832,2013,18,353,1470.83333333333,0.1875,1,1.28,NA,40.576838,-111.612733,10389674,2889
"743",23833,2009,35,532,3405.88988476312,0.0781,1,2,500,40.615421,-111.591264,10389600,2532
"744",23833,2010,27,326,783.183183183183,0.5625,1,0.74,NA,40.615421,-111.591264,10389600,2532
"745",23833,2011,28,711,2221.875,0.25,1,1.28,NA,40.615421,-111.591264,10389600,2532
"746",23833,2012,32,640,2767.56756756757,0.3125,1,0.74,NA,40.615421,-111.591264,10389600,2532
"747",23833,2013,36,552,575,0.75,1,1.28,NA,40.615421,-111.591264,10389600,2532
"748",23838,2009,31,535,856,0.3125,1,2,500,40.7210805,-111.6588878,10389454,2058
"749",23838,2011,24,244,610,0.3125,1,1.28,NA,40.7210805,-111.6588878,10389454,2058
"750",23838,2012,21,205,1102.15053763441,0.25,1,0.744,NA,40.7210805,-111.6588878,10389454,2058
"751",23838,2013,24,306,1275,0.1875,1,1.28,NA,40.7210805,-111.6588878,10389454,2058
"752",26396,2002,12,499,4300.17921146953,0.5625,1,0.558,500,40.906944,-109.305556,10039324,1695
"753",26396,2004,9,396,709.677419354839,1,1,0.558,500,40.906944,-109.305556,10039324,1695
"754",26396,2007,9,45,242.182874979818,1,1,0.18581,500,40.906944,-109.305556,10039324,1695
"755",26396,2008,4,6,32.2910499973091,1,1,0.18581,500,40.906944,-109.305556,10039324,1695
"756",26396,2010,8,286,386.486486486487,1,1,0.74,NA,40.906944,-109.305556,10039324,1695
"757",26396,2012,3,22,29.7297297297297,1,1,0.74,NA,40.906944,-109.305556,10039324,1695
"758",26398,2002,10,48.5,86.9175627240143,1,1,0.558,500,40.886667,-109.274444,10039688,1979
"759",26398,2004,19,197,353.046594982079,1,1,0.558,500,40.886667,-109.274444,10039688,1979
"760",26398,2007,16,167,898.767558258436,1,1,0.18581,500,40.886667,-109.274444,10039688,1979
"761",26398,2008,16,153,823.421774931381,1,1,0.18581,500,40.886667,-109.274444,10039688,1979
"762",26399,2002,10,34,60.9318996415771,1,1,0.558,500,40.872222,-109.278056,10039688,2069
"763",26399,2004,24,597,1069.89247311828,1,1,0.558,500,40.872222,-109.278056,10039688,2069
"764",26399,2006,16,161,288.530465949821,1,1,0.558,500,40.872222,-109.278056,10039688,2069
"765",26399,2007,5,18,96.8731499919272,1,1,0.18581,500,40.872222,-109.278056,10039688,2069
"766",26399,2008,8,50,269.092083310909,1,1,0.18581,500,40.872222,-109.278056,10039688,2069
"767",26399,2012,10,72.5,97.972972972973,1,1,0.74,NA,40.872222,-109.278056,10039688,2069
"768",26400,2002,14,74,132.616487455197,1,1,0.558,500,40.902222,-109.322222,10039674,1813
"769",26400,2004,3,43,77.0609318996416,1,1,0.558,500,40.902222,-109.322222,10039674,1813
"770",26400,2006,7,32,57.3476702508961,1,1,0.558,500,40.902222,-109.322222,10039674,1813
"771",26400,2007,9,56,301.383133308218,1,1,0.18581,500,40.902222,-109.322222,10039674,1813
"772",26400,2008,6,13,69.9639416608363,1,1,0.18581,500,40.902222,-109.322222,10039674,1813
"773",26400,2011,12,120,162.162162162162,1,1,0.74,NA,40.902222,-109.322222,10039674,1813
"774",26401,2002,21,255,456.989247311828,1,1,0.558,500,40.9175,-109.106944,10041210,1963
"775",26401,2004,20,546,1304.65949820789,0.75,1,0.558,500,40.9175,-109.106944,10041210,1963
"776",26401,2007,14,73,392.874441633927,1,1,0.18581,500,40.9175,-109.106944,10041210,1963
"777",26401,2008,18,302,1625.31618319789,1,1,0.18581,500,40.9175,-109.106944,10041210,1963
"778",26401,2009,30,619,832.842238959795,1,1,0.743238,250,40.9175,-109.106944,10041210,1963
"779",26401,2011,21,288,389.189189189189,1,1,0.74,NA,40.9175,-109.106944,10041210,1963
"780",26401,2014,26,312,421.621621621622,1,1,0.74,NA,40.9175,-109.106944,10041210,1963
"781",26401,2016,34,777,5600,0.1875,1,0.74,NA,40.9175,-109.106944,10041210,1963
"782",26402,2002,21,581,1514.49983708048,0.6875,1,0.558,500,40.894167,-109.1,10039458,1831
"783",26402,2004,19,474,2718.27956989247,0.3125,1,0.558,500,40.894167,-109.1,10039458,1831
"784",26402,2007,12,105,565.093374952909,1,1,0.18581,500,40.894167,-109.1,10039458,1831
"785",26402,2008,11,106,570.475216619127,1,1,0.18581,500,40.894167,-109.1,10039458,1831
"786",26402,2009,21,606,815.351206477602,1,1,0.743238,250,40.894167,-109.1,10039458,1831
"787",26433,2001,9,100,134.408602150538,1,1,0.744,500,37.1203,-113.4292,10024328,832
"788",26433,2002,5.5,24.5,32.9301075268817,1,1,0.744,437.5,37.1203,-113.4292,10024328,832
"789",26433,2004,7.5,113,151.881720430108,1,1,0.744,500,37.1203,-113.4292,10024328,832
"790",26433,2005,6.75,41,55.1075268817204,1,1,0.744,500,37.1203,-113.4292,10024328,832
"791",26433,2006,9,86,115.591397849462,1,1,0.744,500,37.1203,-113.4292,10024328,832
"792",26434,2001,3,465,1000,0.625,1,0.744,500,37.1167,-113.4378,10024340,823
"793",26434,2002,5.66666666666667,131.333333333333,176.523297491039,1,1,0.744,416.666666666667,37.1167,-113.4378,10024340,823
"794",26434,2004,5.25,139,186.827956989247,1,1,0.744,500,37.1167,-113.4378,10024340,823
"795",26434,2005,6.5,162.75,270.273297491039,0.9375,1,0.744,500,37.1167,-113.4378,10024340,823
"796",26434,2006,11,95,127.688172043011,1,1,0.744,500,37.1167,-113.4378,10024340,823
"797",26435,2001,7,38,51.0752688172043,1,1,0.744,500,37.0408,-113.6025,4914326,767
"798",26435,2002,9.5,71.25,205.309139784946,0.703125,1,0.744,437.5,37.0408,-113.6025,4914326,767
"799",26435,2004,5.5,194.75,392.405913978495,0.90625,1,0.744,500,37.0408,-113.6025,4914326,767
"800",26435,2005,7.25,161.25,325.806451612903,0.90625,1,0.744,500,37.0408,-113.6025,4914326,767
"801",26435,2006,6,28,37.6344086021505,1,1,0.744,500,37.0408,-113.6025,4914326,767
"802",26438,2002,8,104.5,207.795698924731,0.8125,1,0.744,500,37.069,-113.5845,4914292,775
"803",26438,2004,6.5,29,38.9784946236559,1,1,0.744,500,37.069,-113.5845,4914292,775
"804",26438,2005,9.33333333333333,66.3333333333333,89.15770609319,1,1,0.744,500,37.069,-113.5845,4914292,775
"805",26438,2006,7,39,52.4193548387097,1,1,0.744,500,37.069,-113.5845,4914292,775
"806",26439,2002,4,89.6666666666667,120.519713261649,1,1,0.744,416.666666666667,37.1161,-113.4997,10025144,802
"807",26439,2004,7,45,60.4838709677419,1,1,0.744,500,37.1161,-113.4997,10025144,802
"808",26439,2005,7.5,62,83.3333333333333,1,1,0.744,500,37.1161,-113.4997,10025144,802
"809",26439,2006,9,254,341.397849462366,1,1,0.744,500,37.1161,-113.4997,10025144,802
"810",26440,2002,5,17.25,23.1854838709677,1,1,0.744,437.5,37.2031,-113.2867,10023900,918
"811",26440,2004,6.5,84.25,113.239247311828,1,1,0.744,500,37.2031,-113.2867,10023900,918
"812",26440,2005,8,99,133.064516129032,1,1,0.744,500,37.2031,-113.2867,10023900,918
"813",26440,2006,13,240,322.58064516129,1,1,0.744,500,37.2031,-113.2867,10023900,918
"814",26442,2002,6,53.5,71.9086021505376,1,1,0.744,375,37.0689,-113.5844,4914292,775
"815",26442,2004,7,42.5,57.1236559139785,1,1,0.744,500,37.0689,-113.5844,4914292,775
"816",26442,2005,6,90.25,121.30376344086,1,1,0.744,500,37.0689,-113.5844,4914292,775
"817",26442,2006,9,30,40.3225806451613,1,1,0.744,500,37.0689,-113.5844,4914292,775
"818",28412,2016,22,589,5065.04585199403,0.1563,1,0.744,NA,41.585123,-111.307883,7879594,2020
"819",28412,2018,26,399,4290.32258064516,0.125,1,0.744,NA,41.585123,-111.307883,7879594,2020
"820",28412,2019,27.5,522,1175.87183958152,0.625,1,0.742,NA,41.585123,-111.307883,7879594,2020
"821",28412,2020,22,571,4093.18996415771,0.1875,1,0.744,NA,41.585123,-111.307883,7879594,2020
"822",28412,2021,26,444,7641.15484697039,0.0781,1,0.744,NA,41.585123,-111.307883,7879594,2020
"823",28413,2016,22,547,3921.14695340502,0.1875,1,0.744,NA,41.582241,-111.312047,7879594,2023
"824",28413,2018,25,465,10000,0.0625,1,0.744,NA,41.582241,-111.312047,7879594,2023
"825",28413,2019,24,468,2023.44279763635,0.3125,1,0.742,NA,41.582241,-111.312047,7879594,2023
"826",28413,2020,19,567,6096.77419354839,0.125,1,0.744,NA,41.582241,-111.312047,7879594,2023
"827",28413,2021,22,462,6623.65591397849,0.09375,1,0.744,NA,41.582241,-111.312047,7879594,2023
"828",28415,2016,28,270,5806.45161290323,0.0625,1,0.744,NA,41.60658,-111.32706,7879572,2044
"829",28415,2018,19,492,881.720430107527,0.75,1,0.744,NA,41.60658,-111.32706,7879572,2044
"830",28415,2019,17,196,1381.0520197617,0.34375,1,0.742,NA,41.60658,-111.32706,7879572,2044
"831",28415,2020,22,233,2003.65990409951,0.1563,1,0.744,NA,41.60658,-111.32706,7879572,2044
"832",28415,2021,28,429,2050.17921146953,0.28125,1,0.744,NA,41.60658,-111.32706,7879572,2044
"833",28416,2017,28,357,1279.56989247312,0.375,1,0.744,NA,41.702352,-111.25811,7880788,1985
"834",28416,2018,21,695,7473.11827956989,0.125,1,0.744,NA,41.702352,-111.25811,7880788,1985
"835",28416,2019,26,509,1592.17986314761,0.3125,1,1.023,NA,41.702352,-111.25811,7880788,1985
"836",28416,2020,16,537,3298.78516246978,0.2188,1,0.744,NA,41.702352,-111.25811,7880788,1985
"837",28416,2021,20,687,4924.7311827957,0.1875,1,0.744,NA,41.702352,-111.25811,7880788,1985
"838",28419,2017,26,572,4100.35842293907,0.1875,1,0.744,NA,41.71503448,-111.263855,7880786,2003
"839",28419,2018,21,442,4752.68817204301,0.125,1,0.744,NA,41.71503448,-111.263855,7880786,2003
"840",28419,2019,29,509,1592.17986314761,0.3125,1,1.023,NA,41.71503448,-111.263855,7880786,2003
"841",28419,2020,23,544,7795.12575371988,0.0938,1,0.744,NA,41.71503448,-111.263855,7880786,2003
"842",28419,2021,32,663,7129.03225806452,0.125,1,0.744,NA,41.71503448,-111.263855,7880786,2003
"843",28424,2017,25,640,4587.81362007168,0.1875,1,0.744,NA,41.70222855,-111.2586441,7880788,1985
"844",28424,2018,26,351,943.548387096774,0.5,1,0.744,NA,41.70222855,-111.2586441,7880788,1985
"845",28424,2019,26,621,4107.66446532893,0.2032,1,0.744,NA,41.70222855,-111.2586441,7880788,1985
"846",28424,2020,24,518,3713.26164874552,0.1875,1,0.744,NA,41.70222855,-111.2586441,7880788,1985
"847",28424,2021,20,538,4627.95698924731,0.15625,1,0.744,NA,41.70222855,-111.2586441,7880788,1985
