"","siteId","yr","richness_xbar","abund_xbar","labSplit","fieldSplit","area","mesh","siteLatitude","siteLongitude","COMID"
"1",2789,1999,33,512,0.1875,1,0.3,300,41.7978,-111.9294,4564542
"2",2789,2003,3,97,1,1,0.3,300,41.7978,-111.9294,4564542
"3",2789,2004,9,189,1,1,0.3,300,41.7978,-111.9294,4564542
"4",2789,2005,7,285,1,1,0.3,300,41.7978,-111.9294,4564542
"5",2793,2002,30,774,0.125,1,0.279,30,41.94375,-111.837222,4563184
"6",2793,2003,22.5,647.5,0.21875,1,0.3,300,41.94375,-111.837222,4563184
"7",2793,2004,27,649,1,1,0.3,300,41.94375,-111.837222,4563184
"8",2793,2006,24,631,0.1875,1,0.3,500,41.94375,-111.837222,4563184
"9",2793,2011,20,718,0.0625,1,0.74,NA,41.94375,-111.837222,4563184
"10",2820,1998,26,524,0.25,1,0.3,300,41.6433,-111.9147,664760
"11",2820,1999,26.5,530,0.49065,1,0.3,300,41.6433,-111.9147,664760
"12",2820,2000,30,604,0.1244,1,0.3,300,41.6433,-111.9147,664760
"13",2820,2001,28.5,697,0.5469,1,0.279,400,41.6433,-111.9147,664760
"14",2820,2002,25,513,0.125,1,0.279,500,41.6433,-111.9147,664760
"15",2820,2003,31,718,0.255,1,0.3,300,41.6433,-111.9147,664760
"16",2820,2004,25,655,0.25,1,0.3,300,41.6433,-111.9147,664760
"17",2820,2005,25,589,0.1875,1,0.3,300,41.6433,-111.9147,664760
"18",2822,1999,37,620,0.25,1,0.3,300,41.5361,-111.83,664976
"19",2822,2000,30.5,518,0.125,1,0.3,300,41.5361,-111.83,664976
"20",2822,2001,36.5,515.5,0.14065,1,0.279,400,41.5361,-111.83,664976
"21",2822,2002,33,523,0.5,1,0.279,500,41.5361,-111.83,664976
"22",2822,2003,31,594,0.375,1,0.3,300,41.5361,-111.83,664976
"23",2822,2005,34,591,0.0938,1,0.3,300,41.5361,-111.83,664976
"24",2874,1998,44,517,0.4375,1,0.3,300,40.9969,-110.8708,7887828
"25",2874,2000,32,474,1,1,0.3,300,40.9969,-110.8708,7887828
"26",2874,2001,34,241,1,1,0.279,500,40.9969,-110.8708,7887828
"27",2874,2003,34,465.5,1,1,0.3,300,40.9969,-110.8708,7887828
"28",2874,2004,26,358,1,1,0.3,300,40.9969,-110.8708,7887828
"29",2874,2005,35,590,0.375,1,0.3,300,40.9969,-110.8708,7887828
"30",2940,2000,25,590,0.25,1,0.3,300,40.768333,-111.583056,10276836
"31",2940,2001,21,617,0.1875,1,0.279,300,40.768333,-111.583056,10276836
"32",2940,2002,26,819.5,0.75,1,0.279,265,40.768333,-111.583056,10276836
"33",2940,2003,22,733,0.09375,1,0.3,300,40.768333,-111.583056,10276836
"34",2940,2005,27,617,0.0703,1,0.3,300,40.768333,-111.583056,10276836
"35",2941,2000,21,537,0.375,1,0.3,300,40.755,-111.563056,10277304
"36",2941,2001,26,507,0.125,1,0.279,300,40.755,-111.563056,10277304
"37",2941,2002,13.5,488.5,0.5625,1,0.279,265,40.755,-111.563056,10277304
"38",2941,2003,21,612,0.375,1,0.3,300,40.755,-111.563056,10277304
"39",2941,2004,20,612,0.0938,1,0.3,300,40.755,-111.563056,10277304
"40",2941,2005,18,678,0.1093,1,0.3,300,40.755,-111.563056,10277304
"41",2941,2006,21,670,0.0625,1,0.3,500,40.755,-111.563056,10277304
"42",2945,2000,34,555,0.2288,1,0.3,300,40.7225,-111.5178,10276860
"43",2945,2001,25,512,0.125,1,0.279,300,40.7225,-111.5178,10276860
"44",2945,2002,28,636.5,0.25,1,0.279,265,40.7225,-111.5178,10276860
"45",2945,2003,26,674,0.25,1,0.3,300,40.7225,-111.5178,10276860
"46",2945,2005,25,649,0.125,1,0.3,300,40.7225,-111.5178,10276860
"47",2956,2002,21,616,1,1,0.279,30,40.9714,-111.4369,10092060
"48",2956,2003,31,808,0.75,1,0.3,300,40.9714,-111.4369,10092060
"49",2956,2004,31,726,0.0625,1,0.3,300,40.9714,-111.4369,10092060
"50",2956,2005,28,602,0.125,1,0.3,300,40.9714,-111.4369,10092060
"51",2961,1998,30,528,0.125,1,0.3,300,40.9325,-111.291667,10092140
"52",2961,1999,33,525,0.086,1,0.3,300,40.9325,-111.291667,10092140
"53",2961,2000,34.5,503,0.5,1,0.3,300,40.9325,-111.291667,10092140
"54",2961,2001,32.5,535,0.125,1,0.279,400,40.9325,-111.291667,10092140
"55",2961,2003,42.5,775,0.4844,1,0.3,300,40.9325,-111.291667,10092140
"56",2961,2004,31,619,0.625,1,0.3,300,40.9325,-111.291667,10092140
"57",2961,2005,30,698,0.25,1,0.3,300,40.9325,-111.291667,10092140
"58",2961,2006,28,611,0.3125,1,0.3,500,40.9325,-111.291667,10092140
"59",2961,2013,46,652,0.1563,1,0.74,NA,40.9325,-111.291667,10092140
"60",2961,2022,38,665,0.1875,1,0.74,500,40.9325,-111.291667,10092140
"61",2965,1999,31,554,0.14845,1,0.3,300,40.9206,-111.4006,10093066
"62",2965,2000,31.5,509.5,0.25,1,0.3,300,40.9206,-111.4006,10093066
"63",2965,2001,37,560,0.125,1,0.279,500,40.9206,-111.4006,10093066
"64",2965,2002,20,647,0.125,1,0.279,500,40.9206,-111.4006,10093066
"65",2965,2003,35.5,665,0.375,1,0.3,300,40.9206,-111.4006,10093066
"66",2965,2004,35,587,1,1,0.3,300,40.9206,-111.4006,10093066
"67",2965,2005,37,622,0.25,1,0.3,300,40.9206,-111.4006,10093066
"68",2967,1998,34,513,0.25,1,0.3,300,40.9589,-111.1175,10093054
"69",2967,1999,37,517,0.21875,1,0.3,300,40.9589,-111.1175,10093054
"70",2967,2000,32.5,543.5,0.5,1,0.3,300,40.9589,-111.1175,10093054
"71",2967,2001,40,534,0.3125,1,0.279,400,40.9589,-111.1175,10093054
"72",2967,2002,35.5,562.5,0.65625,1,0.2895,500,40.9589,-111.1175,10093054
"73",2967,2003,33,383,1,1,0.3,300,40.9589,-111.1175,10093054
"74",2970,1999,35,534,0.1555,1,0.3,300,40.9389,-111.1544,10092126
"75",2970,2002,30,509,0.125,1,0.279,500,40.9389,-111.1544,10092126
"76",2970,2013,40,604,0.0938,1,0.74,NA,40.9389,-111.1544,10092126
"77",2970,2022,41,617,0.375,1,0.74,500,40.9389,-111.1544,10092126
"78",2977,1998,23,560,0.0703,1,0.3,300,40.7506,-111.3692,10093088
"79",2977,1999,34,510,0.0781,1,0.3,300,40.7506,-111.3692,10093088
"80",2977,2000,32,512,0.055,1,0.3,300,40.7506,-111.3692,10093088
"81",2977,2001,31.5,540.5,0.125,1,0.279,400,40.7506,-111.3692,10093088
"82",2977,2002,22,513,0.0938,1,0.279,500,40.7506,-111.3692,10093088
"83",2977,2003,31,998.5,0.3125,1,0.3,300,40.7506,-111.3692,10093088
"84",2977,2004,24,692,0.125,1,0.3,300,40.7506,-111.3692,10093088
"85",2977,2005,19,675,0.0938,1,0.3,300,40.7506,-111.3692,10093088
"86",3071,1999,21,503,0.178833333333333,1,0.093,280,40.0976,-111.1943,11964979
"87",3071,2000,28,516.5,0.14845,1,0.093,300,40.0976,-111.1943,11964979
"88",3071,2003,21.3333333333333,354.666666666667,1,1,0.093,180,40.0976,-111.1943,11964979
"89",3071,2004,29.5,637,0.4375,1,0.279,500,40.0976,-111.1943,11964979
"90",3084,2000,28,556,0.125,1,0.093,300,40.3578,-111.2275,11964741
"91",3084,2004,30,630,0.5,1,0.279,500,40.3578,-111.2275,11964741
"92",3084,2013,49,762,0.0963,1,0.74,NA,40.3578,-111.2275,11964741
"93",3084,2018,40,617,0.0625,1,0.74,NA,40.3578,-111.2275,11964741
"94",3193,2002,28,742,0.75,1,0.279,30,39.5467,-111.5139,5301123
"95",3193,2004,30,633,0.1875,1,0.3,300,39.5467,-111.5139,5301123
"96",3193,2005,28,689,0.0938,1,0.3,300,39.5467,-111.5139,5301123
"97",3193,2022,24,737,0.1875,1,0.74,500,39.5467,-111.5139,5301123
"98",3215,1998,12,612,0.125,1,0.3,300,38.2661,-111.9539,10806343
"99",3215,1999,24,592,0.1095,1,0.3,300,38.2661,-111.9539,10806343
"100",3215,2000,26,521,0.4375,1,0.3,300,38.2661,-111.9539,10806343
"101",3215,2001,27,504,0.14065,1,0.279,400,38.2661,-111.9539,10806343
"102",3215,2002,29,596,0.0781,1,0.279,500,38.2661,-111.9539,10806343
"103",3215,2003,26,635,0.25,1,0.3,300,38.2661,-111.9539,10806343
"104",3215,2005,29,696,0.0625,1,0.3,300,38.2661,-111.9539,10806343
"105",3219,2000,22,521,0.5,1,0.3,300,38.3494,-111.9483,10806309
"106",3219,2001,24.5,525.5,0.2344,1,0.279,400,38.3494,-111.9483,10806309
"107",3219,2002,30.5,636.5,0.14845,1,0.279,265,38.3494,-111.9483,10806309
"108",3219,2003,30.5,847.5,0.1719,1,0.3,300,38.3494,-111.9483,10806309
"109",3219,2004,23,747,0.125,1,0.3,300,38.3494,-111.9483,10806309
"110",3220,2000,26,564,0.5625,1,0.3,300,38.5806,-112.2561,3504389
"111",3220,2002,30,1064,0.625,1,0.279,30,38.5806,-112.2561,3504389
"112",3220,2003,26,726,0.375,1,0.3,300,38.5806,-112.2561,3504389
"113",3220,2004,29,621,0.25,1,0.3,300,38.5806,-112.2561,3504389
"114",3224,2000,34,564.5,0.16405,1,0.3,300,38.5642,-111.8486,10804575
"115",3224,2001,30.5,519,0.0781,1,0.279,400,38.5642,-111.8486,10804575
"116",3224,2005,17,623,0.0938,1,0.3,300,38.5642,-111.8486,10804575
"117",3224,2022,28,650,0.2222,1,0.74,500,38.5642,-111.8486,10804575
"118",3270,2000,32,588,0.625,1,0.3,300,37.28483333,-112.9480833,10025834
"119",3270,2001,18,280,0.8125,1,0.279,400,37.28483333,-112.9480833,10025834
"120",3270,2002,23,618,0.6875,1,0.2895,500,37.28483333,-112.9480833,10025834
"121",3270,2004,24,602,0.3125,1,0.3,300,37.28483333,-112.9480833,10025834
"122",3270,2008,26,639,0.125,1,0.74,NA,37.28483333,-112.9480833,10025834
"123",3273,2000,21,211,1,1,0.3,300,37.1628,-113.0103,10024162
"124",3273,2001,21,384,1,1,0.279,500,37.1628,-113.0103,10024162
"125",3273,2002,17,317,1,1,0.279,500,37.1628,-113.0103,10024162
"126",3273,2003,32,600,0.5,1,0.3,300,37.1628,-113.0103,10024162
"127",3273,2004,29,559,0.1876,1,0.3,300,37.1628,-113.0103,10024162
"128",3279,2000,7,10,1,1,0.3,300,37.5281,-112.0434,18264629
"129",3279,2002,6.5,22,1,1,0.279,265,37.5281,-112.0434,18264629
"130",3279,2003,9,34,1,1,0.3,300,37.5281,-112.0434,18264629
"131",3279,2004,2,2,1,1,0.3,300,37.5281,-112.0434,18264629
"132",3307,2001,21,556,0.0625,1,0.279,300,38.3069,-111.5172,944070009
"133",3307,2002,19,578,0.1875,1,0.279,265,38.3069,-111.5172,944070009
"134",3307,2003,16,671,0.375,1,0.3,300,38.3069,-111.5172,944070009
"135",3307,2004,20,631,0.0625,1,0.3,300,38.3069,-111.5172,944070009
"136",3316,2000,16,51,1,1,0.3,300,37.7725,-111.6661,3277843
"137",3316,2002,16,307,0.5625,1,0.279,265,37.7725,-111.6661,3277843
"138",3316,2003,8,210,1,1,0.3,300,37.7725,-111.6661,3277843
"139",3316,2004,8,28,1,1,0.3,300,37.7725,-111.6661,3277843
"140",3390,2000,16,424,1,1,0.3,300,40.9056,-111.9336,7913954
"141",3390,2003,16,679,1,1,0.3,300,40.9056,-111.9336,7913954
"142",3390,2004,13,623,0.25,1,0.3,300,40.9056,-111.9336,7913954
"143",3390,2005,9,628,0.0625,1,0.3,300,40.9056,-111.9336,7913954
"144",3397,2009,42,646,0.125,1,2,500,40.791861,-111.877944,10389370
"145",3397,2010,40,653,0.25,1,0.74,500,40.791861,-111.877944,10389370
"146",3397,2011,36,644.166666666667,0.269541666666667,1,0.83,500,40.791861,-111.877944,10389370
"147",3397,2012,36.75,643.5,0.176,1,0.741,NA,40.791861,-111.877944,10389370
"148",3397,2013,31.8333333333333,654,0.510833333333333,1,0.92,NA,40.791861,-111.877944,10389370
"149",3397,2014,32.5,638,0.08595,1,0.74,NA,40.791861,-111.877944,10389370
"150",3397,2015,28,658,0.0625,1,0.74,NA,40.791861,-111.877944,10389370
"151",3398,2011,27,715,0.4375,1,0.74,NA,40.7785,-111.8848,10389370
"152",3398,2012,16.6666666666667,746,0.171866666666667,1,0.74,NA,40.7785,-111.8848,10389370
"153",3398,2013,10.5,639.75,0.367175,1,0.74,NA,40.7785,-111.8848,10389370
"154",3398,2014,22.5,765.5,0.34375,1,0.74,NA,40.7785,-111.8848,10389370
"155",3398,2015,16.5,619.5,0.26565,1,0.74,NA,40.7785,-111.8848,10389370
"156",3405,2010,10.6666666666667,73.6666666666667,1,1,0.74,500,40.74614,-111.84743,10389446
"157",3405,2011,15.9,534.7,0.95,1,0.74,500,40.74614,-111.84743,10389446
"158",3405,2012,16,548.75,0.578125,1,0.741,NA,40.74614,-111.84743,10389446
"159",3405,2013,11,56,1,1,0.74,NA,40.74614,-111.84743,10389446
"160",3405,2014,7,184,1,1,0.74,NA,40.74614,-111.84743,10389446
"161",3405,2015,9,86.5,1,1,0.74,NA,40.74614,-111.84743,10389446
"162",3406,2010,20.5,567,0.3984375,1,0.74,500,40.7625,-111.8287,10389446
"163",3406,2011,22.2,823.6,0.68126,1,0.74,500,40.7625,-111.8287,10389446
"164",3406,2012,25.3333333333333,735.333333333333,0.354166666666667,1,0.74,NA,40.7625,-111.8287,10389446
"165",3406,2013,15.25,689.5,0.2969,1,0.74,NA,40.7625,-111.8287,10389446
"166",3406,2014,21.5,627.5,0.23435,1,0.74,NA,40.7625,-111.8287,10389446
"167",3406,2015,13.5,678.5,0.16405,1,0.74,NA,40.7625,-111.8287,10389446
"168",3411,2010,31,507.25,0.359375,1,0.74,500,40.7665,-111.8265,10389446
"169",3411,2011,32.6,672,0.31406,1,0.74,500,40.7665,-111.8265,10389446
"170",3411,2012,35.3333333333333,729.666666666667,0.151066666666667,1,0.74,NA,40.7665,-111.8265,10389446
"171",3411,2013,33.5,755.5,0.32815,1,0.74,NA,40.7665,-111.8265,10389446
"172",3411,2014,24.5,626.5,0.18755,1,0.74,NA,40.7665,-111.8265,10389446
"173",3411,2015,21,614.5,0.2969,1,0.74,NA,40.7665,-111.8265,10389446
"174",3413,2010,13,583,0.4375,1,0.74,500,40.739461,-111.836135,10389446
"175",3413,2011,14.3333333333333,639.333333333333,0.583333333333333,1,0.74,500,40.739461,-111.836135,10389446
"176",3413,2012,17.3333333333333,808.333333333333,0.541666666666667,1,0.74,NA,40.739461,-111.836135,10389446
"177",3413,2013,15.5,472.5,0.75,1,0.74,NA,40.739461,-111.836135,10389446
"178",3413,2014,16,683.5,0.46875,1,0.74,NA,40.739461,-111.836135,10389446
"179",3414,2010,26,815,0.125,1,0.74,500,40.75163,-111.800431,10390242
"180",3414,2011,19.75,336.25,0.664075,1,0.74,500,40.75163,-111.800431,10390242
"181",3414,2012,22.5,766.5,0.328125,1,0.74,NA,40.75163,-111.800431,10390242
"182",3414,2013,16,528,1,1,0.74,NA,40.75163,-111.800431,10390242
"183",3414,2014,13,642,0.625,1,0.74,NA,40.75163,-111.800431,10390242
"184",3414,2015,15,664,0.75,1,0.74,NA,40.75163,-111.800431,10390242
"185",3416,2011,20,569,0.6875,1,1.01,NA,40.7128,-111.8133,10389462
"186",3416,2012,17,646,0.125,1,0.744,NA,40.7128,-111.8133,10389462
"187",3416,2013,12,560,0.125,1,1.28,NA,40.7128,-111.8133,10389462
"188",3416,2014,17,853,0.25,1,0.74,NA,40.7128,-111.8133,10389462
"189",3425,2009,21,756,0.5,1,2,500,40.695537,-111.825534,10390260
"190",3425,2010,20,539,0.4375,1,0.74,500,40.695537,-111.825534,10390260
"191",3425,2011,18.2,384.6,0.8375,1,0.848,500,40.695537,-111.825534,10390260
"192",3425,2012,19,729,0.48126,1,0.7408,NA,40.695537,-111.825534,10390260
"193",3425,2013,20.3333333333333,657.333333333333,0.2292,1,0.92,NA,40.695537,-111.825534,10390260
"194",3425,2014,14.5,556.25,0.33985,1,0.74,NA,40.695537,-111.825534,10390260
"195",3425,2015,17.75,728.75,0.578125,1,0.74,NA,40.695537,-111.825534,10390260
"196",3426,2009,35,679,0.1875,1,2,500,40.68924,-111.782775,10390260
"197",3426,2010,42,843,0.25,1,0.74,500,40.68924,-111.782775,10390260
"198",3426,2011,37.8,739.6,0.26876,1,0.848,500,40.68924,-111.782775,10390260
"199",3426,2012,38,661.75,0.1461,1,0.741,NA,40.68924,-111.782775,10390260
"200",3426,2013,37.6666666666667,817.666666666667,0.1771,1,0.92,NA,40.68924,-111.782775,10390260
"201",3426,2014,35,718,0.1328,1,0.74,NA,40.68924,-111.782775,10390260
"202",3426,2015,30,680.5,0.125,1,0.74,NA,40.68924,-111.782775,10390260
"203",3436,1999,30,588,0.75,1,0.3,300,40.5697,-111.6997,10389690
"204",3436,2000,24,501,0.9375,1,0.3,300,40.5697,-111.6997,10389690
"205",3436,2003,27,430,0.6875,1,0.3,300,40.5697,-111.6997,10389690
"206",3436,2004,32,645,0.5,1,0.3,300,40.5697,-111.6997,10389690
"207",3436,2005,20,670,0.75,1,0.3,300,40.5697,-111.6997,10389690
"208",3436,2011,35,659,0.5,1,1.28,NA,40.5697,-111.6997,10389690
"209",3436,2013,37,763,0.5,1,1.28,NA,40.5697,-111.6997,10389690
"210",3438,2008,31,880,1,1,0.74,NA,40.57472222,-111.6797222,10389672
"211",3438,2009,31,613,0.4375,1,2,500,40.57472222,-111.6797222,10389672
"212",3438,2010,25,487,1,1,0.74,NA,40.57472222,-111.6797222,10389672
"213",3438,2011,29,632,0.75,1,1.28,NA,40.57472222,-111.6797222,10389672
"214",3438,2012,25,598,0.1875,1,0.74,NA,40.57472222,-111.6797222,10389672
"215",3438,2013,30,600,0.5,1,1.28,NA,40.57472222,-111.6797222,10389672
"216",3446,2000,13,532,0.1797,1,0.3,300,40.486389,-111.085278,10375656
"217",3446,2001,19.5,539,0.07815,1,0.279,400,40.486389,-111.085278,10375656
"218",3446,2003,15,691,0.1563,1,0.3,300,40.486389,-111.085278,10375656
"219",3446,2004,15,679,0.25,1,0.3,300,40.486389,-111.085278,10375656
"220",3446,2005,9,278,1,1,0.3,300,40.486389,-111.085278,10375656
"221",3461,1998,42,530,0.0781,1,0.093,300,39.9694,-111.6936,10350406
"222",3461,1999,37,618,0.125,1,0.3,300,39.9694,-111.6936,10350406
"223",3461,2000,44,532,0.0703,1,0.3,300,39.9694,-111.6936,10350406
"224",3461,2015,44,609,0.2188,1,0.74,NA,39.9694,-111.6936,10350406
"225",3507,1999,22,584,0.3125,1,0.3,300,40.238056,-111.694444,10376596
"226",3507,2000,19,547,0.25,1,0.3,300,40.238056,-111.694444,10376596
"227",3507,2001,19,502,0.125,1,0.279,500,40.238056,-111.694444,10376596
"228",3507,2002,19,554,0.0938,1,0.279,500,40.238056,-111.694444,10376596
"229",3507,2003,20,926,1,1,0.3,300,40.238056,-111.694444,10376596
"230",3507,2004,28,639,1,1,0.3,300,40.238056,-111.694444,10376596
"231",3507,2006,12,592,0.4375,1,0.3,500,40.238056,-111.694444,10376596
"232",3523,2000,27.5,515,0.1758,1,0.3,300,40.5578,-111.1681,10373692
"233",3523,2001,34.5,530,0.125,1,0.279,400,40.5578,-111.1681,10373692
"234",3523,2002,36,503,0.3125,1,0.279,500,40.5578,-111.1681,10373692
"235",3523,2003,38,643.5,0.4375,1,0.3,300,40.5578,-111.1681,10373692
"236",3523,2004,37,743,0.625,1,0.3,300,40.5578,-111.1681,10373692
"237",3523,2005,26,599,0.1875,1,0.3,300,40.5578,-111.1681,10373692
"238",3617,2003,30.5,621.5,0.75,1,0.3,300,39.775278,-111.185278,3906455
"239",3617,2004,31,612,0.3125,1,0.3,300,39.775278,-111.185278,3906455
"240",3617,2005,27,596,0.125,1,0.3,300,39.775278,-111.185278,3906455
"241",3617,2007,38,1057,0.5,1,0.74,500,39.775278,-111.185278,3906455
"242",3617,2009,32,595,0.28125,1,0.74,NA,39.775278,-111.185278,3906455
"243",3628,1998,19,607,0.1875,1,0.3,300,38.2536,-112.7661,1216307
"244",3628,1999,16,526,0.0625,1,0.3,300,38.2536,-112.7661,1216307
"245",3628,2000,15.5,525.5,0.375,1,0.3,300,38.2536,-112.7661,1216307
"246",3628,2001,24.5,506,0.3125,1,0.279,400,38.2536,-112.7661,1216307
"247",3628,2002,24,707,0.0781,1,0.279,500,38.2536,-112.7661,1216307
"248",3628,2003,6,612,1,1,0.3,300,38.2536,-112.7661,1216307
"249",3629,1998,21,530,0.125,1,0.3,300,38.2544,-112.6856,1215237
"250",3629,2000,25,526,0.375,1,0.3,300,38.2544,-112.6856,1215237
"251",3629,2001,22.5,607.5,0.34375,1,0.279,400,38.2544,-112.6856,1215237
"252",3629,2002,22,630,0.125,1,0.279,265,38.2544,-112.6856,1215237
"253",3629,2003,22,856.5,0.08595,1,0.3,300,38.2544,-112.6856,1215237
"254",3629,2004,17,623,0.875,1,0.3,300,38.2544,-112.6856,1215237
"255",3629,2005,18,653,0.125,1,0.3,300,38.2544,-112.6856,1215237
"256",3630,1998,26,534,0.2347,1,0.3,300,38.2786,-112.5589,1215135
"257",3630,1999,28,531,0.1094,1,0.3,300,38.2786,-112.5589,1215135
"258",3630,2000,30.5,558,0.32815,1,0.3,300,38.2786,-112.5589,1215135
"259",3630,2001,29.5,523,0.1875,1,0.279,400,38.2786,-112.5589,1215135
"260",3630,2002,26,590.5,0.25565,1,0.279,265,38.2786,-112.5589,1215135
"261",3630,2003,32,795,0.625,1,0.3,300,38.2786,-112.5589,1215135
"262",3630,2004,30,742,0.25,1,0.3,300,38.2786,-112.5589,1215135
"263",5407,2009,43,694,0.09375,1,2,500,40.699051,-111.71773,10390258
"264",5407,2010,43,615,0.125,1,0.74,NA,40.699051,-111.71773,10390258
"265",5407,2011,41,648,0.1875,1,1.28,NA,40.699051,-111.71773,10390258
"266",5407,2012,31,654,0.3125,1,0.744,NA,40.699051,-111.71773,10390258
"267",5407,2013,37,715,0.1875,1,1.28,NA,40.699051,-111.71773,10390258
"268",5437,2009,40,630,0.0781,1,2,500,40.642967,-111.67449,10389548
"269",5437,2010,34,703,0.15625,1,0.74,NA,40.642967,-111.67449,10389548
"270",5437,2011,42,788,0.0781,1,1.28,NA,40.642967,-111.67449,10389548
"271",5437,2013,29,583,0.0625,1,1.28,NA,40.642967,-111.67449,10389548
"272",6141,2004,34,868,0.75,1,0.744,500,39.4125,-111.1189,4876379
"273",6141,2005,27,686,0.5,1,0.744,500,39.4125,-111.1189,4876379
"274",6141,2006,28,630,0.3125,1,0.744,500,39.4125,-111.1189,4876379
"275",6141,2007,20,429,1,1,0.744,500,39.4125,-111.1189,4876379
"276",6141,2008,25.5,716,0.65625,1,0.87,500,39.4125,-111.1189,4876379
"277",6141,2014,27,157,1,1,0.74,NA,39.4125,-111.1189,4876379
"278",6141,2017,25,673,0.3125,1,0.743,NA,39.4125,-111.1189,4876379
"279",6142,2004,30,838,0.625,1,0.744,500,39.4014,-111.1428,4876379
"280",6142,2005,24,687,0.2825,1,0.744,500,39.4014,-111.1428,4876379
"281",6142,2006,30,626,0.2656,1,0.744,500,39.4014,-111.1428,4876379
"282",6142,2007,28,614,0.5,1,0.744,500,39.4014,-111.1428,4876379
"283",6142,2008,31,520.5,0.75,1,0.87,500,39.4014,-111.1428,4876379
"284",6142,2014,14,255,1,1,0.74,NA,39.4014,-111.1428,4876379
"285",6142,2017,29,588,0.7813,1,0.743,NA,39.4014,-111.1428,4876379
"286",6143,2004,36,778,0.375,1,0.744,500,39.4011,-111.15,4876379
"287",6143,2005,25,677,0.3125,1,0.744,500,39.4011,-111.15,4876379
"288",6143,2006,30,609,0.875,1,0.744,500,39.4011,-111.15,4876379
"289",6143,2007,37,972,1,1,0.744,500,39.4011,-111.15,4876379
"290",6143,2008,27,641,0.5,1,0.87,500,39.4011,-111.15,4876379
"291",6144,2001,17,562,0.25,1,0.36,500,40.5842,-111.6519,10389670
"292",6144,2002,16,217,1,1,0.279,500,40.5842,-111.6519,10389670
"293",6144,2003,21,547,1,1,0.36,500,40.5842,-111.6519,10389670
"294",6144,2004,19,672,1,1,0.36,500,40.5842,-111.6519,10389670
"295",6144,2005,23,722,1,1,0.36,500,40.5842,-111.6519,10389670
"296",6145,2001,26,601,0.1563,1,0.36,500,40.5792,-111.6611,10389670
"297",6145,2002,14,549,0.25,1,0.279,500,40.5792,-111.6611,10389670
"298",6145,2003,17,762,0.4375,1,0.36,500,40.5792,-111.6611,10389670
"299",6145,2004,25,1426,0.5,1,0.36,500,40.5792,-111.6611,10389670
"300",6145,2005,16,280,1,1,0.36,500,40.5792,-111.6611,10389670
"301",6146,2001,21,544,0.1875,1,0.36,500,40.5744,-111.6789,10389672
"302",6146,2002,26,507,1,1,0.279,500,40.5744,-111.6789,10389672
"303",6146,2003,31,1027,0.75,1,0.36,500,40.5744,-111.6789,10389672
"304",6146,2004,32,773,1,1,0.36,500,40.5744,-111.6789,10389672
"305",6146,2005,15,600,0.75,1,0.36,500,40.5744,-111.6789,10389672
"306",7097,2009,28,274,1,1,0.464524,NA,39.4636116,-111.1463852,4876319
"307",7097,2010,23.75,263,1,1,0.60318475,500,39.4636116,-111.1463852,4876319
"308",7097,2011,25.5,352.25,1,1,0.5799575,NA,39.4636116,-111.1463852,4876319
"309",7097,2012,28.25,487,1,1,0.6,NA,39.4636116,-111.1463852,4876319
"310",7097,2013,28.875,499.625,1,1,0.6,NA,39.4636116,-111.1463852,4876319
"311",7097,2014,23.5,527.75,0.953125,1,0.6,NA,39.4636116,-111.1463852,4876319
"312",7097,2015,19,547.75,0.8125,1,0.6,NA,39.4636116,-111.1463852,4876319
"313",7097,2016,28.5,604.25,0.625,1,0.6,NA,39.4636116,-111.1463852,4876319
"314",7097,2018,33,639.666666666667,0.906266666666667,1,0.646666666666667,NA,39.4636116,-111.1463852,4876319
"315",7097,2019,16.5,114.5,1,1,0.6,NA,39.4636116,-111.1463852,4876319
"316",7097,2021,22.25,514,1,1,0.6,NA,39.4636116,-111.1463852,4876319
"317",7097,2022,6.5,65,1,1,0.74,NA,39.4636116,-111.1463852,4876319
"318",7099,2009,32,275,1,1,0.464524,NA,39.46027756,-111.1652756,4876321
"319",7099,2010,33,486.25,0.890625,1,0.60318475,500,39.46027756,-111.1652756,4876321
"320",7099,2011,26.25,384,0.875,1,0.5799575,NA,39.46027756,-111.1652756,4876321
"321",7099,2012,29.75,556.75,0.72625,1,0.6,NA,39.46027756,-111.1652756,4876321
"322",7099,2013,27,421.25,1,1,0.6,NA,39.46027756,-111.1652756,4876321
"323",7099,2014,22.75,647.5,0.71875,1,0.6,NA,39.46027756,-111.1652756,4876321
"324",7099,2015,17.25,346.25,0.765625,1,0.6,NA,39.46027756,-111.1652756,4876321
"325",7099,2016,22.75,468.75,0.734375,1,0.6,NA,39.46027756,-111.1652756,4876321
"326",7099,2018,31.3333333333333,669,0.770833333333333,1,0.646666666666667,NA,39.46027756,-111.1652756,4876321
"327",7099,2019,15,113.75,0.8125,1,0.6,NA,39.46027756,-111.1652756,4876321
"328",7099,2021,15,324.5,1,1,0.6,NA,39.46027756,-111.1652756,4876321
"329",7099,2022,3.5,22.5,1,1,0.74,NA,39.46027756,-111.1652756,4876321
"330",7101,2009,40,369,1,1,0.464524,NA,39.45972061,-111.167778,4876321
"331",7101,2010,35.25,552.25,0.890625,1,0.60318475,500,39.45972061,-111.167778,4876321
"332",7101,2011,33.5,522.75,0.71875,1,0.579555,NA,39.45972061,-111.167778,4876321
"333",7101,2012,40.25,685.5,0.601575,1,0.6,NA,39.45972061,-111.167778,4876321
"334",7101,2013,40.75,671,0.96875,1,0.6,NA,39.45972061,-111.167778,4876321
"335",7101,2014,36.25,658.75,0.6875,1,0.6,NA,39.45972061,-111.167778,4876321
"336",7101,2015,25.375,479.5,0.77375,1,0.6,NA,39.45972061,-111.167778,4876321
"337",7101,2016,29.5,598.75,0.525,1,0.6,NA,39.45972061,-111.167778,4876321
"338",7101,2018,26.3333333333333,595,0.8125,1,0.646666666666667,NA,39.45972061,-111.167778,4876321
"339",7101,2019,9,83.75,1,1,0.6,NA,39.45972061,-111.167778,4876321
"340",7101,2021,18.75,375,0.9375,1,0.6,NA,39.45972061,-111.167778,4876321
"341",7101,2022,14.5,352,1,1,0.74,NA,39.45972061,-111.167778,4876321
"342",8083,2002,6,167.333333333333,1,1,0.093,250,38.0364,-112.06,10805499
"343",8083,2003,9.33333333333333,649,0.875,1,0.093,250,38.0364,-112.06,10805499
"344",8083,2004,18.6666666666667,657.333333333333,0.583333333333333,1,0.093,250,38.0364,-112.06,10805499
"345",8083,2010,26,678,0.75,1,0.74,500,38.0364,-112.06,10805499
"346",9515,2009,32,779,0.18625,1,2,NA,40.709812,-111.7959,10389462
"347",9515,2010,34,606,0.0625,1,0.74,NA,40.709812,-111.7959,10389462
"348",9515,2011,30.5,1346.5,0.75,1,1.28,NA,40.709812,-111.7959,10389462
"349",9515,2012,32,824,0.0625,1,0.74,NA,40.709812,-111.7959,10389462
"350",10078,2002,21,139,1,1,0.744,500,39.8411,-109.8447,3897037
"351",10078,2006,8,15,1,1,0.744,500,39.8411,-109.8447,3897037
"352",10078,2007,35,707,1,1,0.744,500,39.8411,-109.8447,3897037
"353",10078,2008,38,413,1,1,0.744,500,39.8411,-109.8447,3897037
"354",10079,2001,23,544,0.75,1,0.744,500,39.7478,-109.9447,3897409
"355",10079,2002,27,302,1,1,0.744,500,39.7478,-109.9447,3897409
"356",10079,2006,36,644,0.75,1,0.744,500,39.7478,-109.9447,3897409
"357",10079,2007,34,879,1,1,0.744,500,39.7478,-109.9447,3897409
"358",10096,2001,29,537,1,1,0.744,500,39.2822,-110.0741,3897885
"359",10096,2006,28,593,1,1,0.744,500,39.2822,-110.0741,3897885
"360",10096,2007,37,569,1,1,0.744,NA,39.2822,-110.0741,3897885
"361",10096,2017,28,546,1,1,0.093,NA,39.2822,-110.0741,3897885
"362",10099,2002,32,378,1,1,0.744,500,39.2172,-110.0758,3897907
"363",10099,2006,25,198,1,1,0.744,500,39.2172,-110.0758,3897907
"364",10099,2007,25,290,1,1,0.744,500,39.2172,-110.0758,3897907
"365",10099,2008,40,706,0.5,1,0.744,500,39.2172,-110.0758,3897907
"366",10122,2001,7,48,1,1,0.744,500,40.513,-109.132383,1370812
"367",10122,2002,27,558,0.4375,1,0.744,500,40.513,-109.132383,1370812
"368",10122,2003,27,531,1,1,0.744,500,40.513,-109.132383,1370812
"369",10122,2005,16,244,1,1,0.744,500,40.513,-109.132383,1370812
"370",10122,2009,31,628,0.9375,1,0.74,500,40.513,-109.132383,1370812
"371",10122,2010,31,628,0.375,1,0.74,500,40.513,-109.132383,1370812
"372",10122,2011,29,638,0.5,1,0.74,NA,40.513,-109.132383,1370812
"373",10122,2012,29,721,0.0938,1,0.74,NA,40.513,-109.132383,1370812
"374",10123,2001,36,551,0.375,1,0.744,500,40.497222,-109.171111,1374232
"375",10123,2009,23,132,1,1,0.74,500,40.497222,-109.171111,1374232
"376",10123,2010,28,632,0.625,1,0.74,NA,40.497222,-109.171111,1374232
"377",10123,2011,25,260,1,1,0.74,NA,40.497222,-109.171111,1374232
"378",10123,2019,32,618,0.345,1,0.74,NA,40.497222,-109.171111,1374232
"379",10135,2005,15,506,1,1,0.744,500,40.539699,-109.062321,1370120
"380",10135,2007,42,660,1,1,0.744,500,40.539699,-109.062321,1370120
"381",10135,2009,13,335,1,1,0.74,500,40.539699,-109.062321,1370120
"382",10135,2010,28,643,0.75,1,0.74,NA,40.539699,-109.062321,1370120
"383",10135,2011,33,599,0.25,1,0.74,NA,40.539699,-109.062321,1370120
"384",10135,2012,32,794,0.3125,1,0.74,NA,40.539699,-109.062321,1370120
"385",10136,2009,29,250,1,1,0.74,500,40.540796,-109.05819,1370116
"386",10136,2010,35,287,1,1,0.74,500,40.540796,-109.05819,1370116
"387",10136,2011,31,518,1,1,0.74,NA,40.540796,-109.05819,1370116
"388",10136,2012,41,808,0.1875,1,0.74,NA,40.540796,-109.05819,1370116
"389",10139,2007,30,689,0.1562,1,0.744,500,40.449517,-109.258033,1374280
"390",10139,2009,33,519,1,1,0.74,500,40.449517,-109.258033,1374280
"391",10139,2010,33,646,0.53125,1,0.74,500,40.449517,-109.258033,1374280
"392",10139,2011,25,631,0.625,1,0.74,NA,40.449517,-109.258033,1374280
"393",10139,2012,30,797,0.375,1,0.74,NA,40.449517,-109.258033,1374280
"394",10139,2019,32,603,0.25,1,0.74,NA,40.449517,-109.258033,1374280
"395",10141,2009,28,295,1,1,0.74,500,40.46670194,-109.2013509,1374270
"396",10141,2010,31,864,0.5,1,0.74,500,40.46670194,-109.2013509,1374270
"397",10141,2011,25,552,1,1,0.74,NA,40.46670194,-109.2013509,1374270
"398",10141,2012,34,830,0.125,1,0.74,NA,40.46670194,-109.2013509,1374270
"399",10141,2019,34,606,0.1563,1,0.74,NA,40.46670194,-109.2013509,1374270
"400",10168,1958,3,100,1,1,0.093,250,40.909832,-109.4226074,10040950
"401",10168,1959,5,73.6666666666667,1,1,0.093,250,40.909832,-109.4226074,10040950
"402",10168,1963,3.25,265.5,1,1,0.093,250,40.909832,-109.4226074,10040950
"403",10168,1964,3,80.5,1,1,0.093,250,40.909832,-109.4226074,10040950
"404",10168,1965,2,52,1,1,0.093,250,40.909832,-109.4226074,10040950
"405",10168,1993,8,1089,0.171,1,0.684,250,40.909832,-109.4226074,10040950
"406",10168,1994,8.25,1454,0.22575,1,0.684,250,40.909832,-109.4226074,10040950
"407",10168,1995,5,228,0.0684,1,0.684,250,40.909832,-109.4226074,10040950
"408",10168,1996,7.4,250.8,0.25338,1,0.684,250,40.909832,-109.4226074,10040950
"409",10168,1997,8.42857142857143,300.857142857143,0.465728571428571,1,0.684,250,40.909832,-109.4226074,10040950
"410",10168,1998,8,211,0.06505,1,0.684,250,40.909832,-109.4226074,10040950
"411",10168,1999,6,250,0.0684,1,0.684,250,40.909832,-109.4226074,10040950
"412",10168,2001,6,332,0.0616,1,0.684,250,40.909832,-109.4226074,10040950
"413",10168,2007,7,350,0.0616,1,0.688,250,40.909832,-109.4226074,10040950
"414",10168,2009,5.5,317.5,0.08206,1,0.684,375,40.909832,-109.4226074,10040950
"415",10168,2010,6,347,0.0890866666666667,0.833333333333333,0.704,250,40.909832,-109.4226074,10040950
"416",10168,2011,4,315,0.06156,1,0.684,NA,40.909832,-109.4226074,10040950
"417",10168,2012,6,312,0.0958,1,0.68,NA,40.909832,-109.4226074,10040950
"418",10168,2015,11,470,0.125,1,0.688,NA,40.909832,-109.4226074,10040950
"419",10168,2017,13,341,0.082,1,0.688,NA,40.909832,-109.4226074,10040950
"420",10168,2018,10.5,367,0.2041,1,0.688,NA,40.909832,-109.4226074,10040950
"421",10168,2019,10,434.333333333333,0.3733,1,0.705333333333333,NA,40.909832,-109.4226074,10040950
"422",10168,2020,13,365,0.20315,0.50345,50.344,NA,40.909832,-109.4226074,10040950
"423",10168,2021,9,343,0.125,1,0.74,NA,40.909832,-109.4226074,10040950
"424",10168,2022,12,300,0.25,1,0.74,NA,40.909832,-109.4226074,10040950
"425",10168,2023,5,8,1,1,0.72,NA,40.909832,-109.4226074,10040950
"426",10169,1994,7,231,0.0753,1,0.684,250,40.90240097,-109.3696976,10041022
"427",10169,1996,7,383,1,1,0.684,250,40.90240097,-109.3696976,10041022
"428",10169,1997,8.5,281.75,0.30305,1,0.684,250,40.90240097,-109.3696976,10041022
"429",10169,2001,10,146,1,1,0.684,250,40.90240097,-109.3696976,10041022
"430",10169,2002,14,323,0.0684,1,0.684,250,40.90240097,-109.3696976,10041022
"431",10169,2006,7,348,0.0958,1,0.688,250,40.90240097,-109.3696976,10041022
"432",10169,2007,13.5,371,0.0583,1,0.686,250,40.90240097,-109.3696976,10041022
"433",10169,2009,8,314.5,0.0684,1,0.684,250,40.90240097,-109.3696976,10041022
"434",10169,2011,9,306,0.11684,1,0.684,NA,40.90240097,-109.3696976,10041022
"435",10169,2012,9,317,0.0889,1,0.68,NA,40.90240097,-109.3696976,10041022
"436",10169,2013,18,466,1,1,0.688,NA,40.90240097,-109.3696976,10041022
"437",10169,2018,11,350,0.0752,1,0.688,NA,40.90240097,-109.3696976,10041022
"438",10169,2019,12,403,0.53125,1,0.688,NA,40.90240097,-109.3696976,10041022
"439",10169,2020,16.3333333333333,345.666666666667,0.604166666666667,0.668966666666667,33.7926666666667,NA,40.90240097,-109.3696976,10041022
"440",10169,2021,20,389,0.25,1,0.74,NA,40.90240097,-109.3696976,10041022
"441",10169,2022,16,358,0.09328,1,0.74,NA,40.90240097,-109.3696976,10041022
"442",10171,1963,7,657,1,1,0.093,250,40.90999985,-109.327301,10040982
"443",10171,1964,5,353.8,1,1,0.093,250,40.90999985,-109.327301,10040982
"444",10171,1965,5,392.333333333333,1,1,0.093,250,40.90999985,-109.327301,10040982
"445",10171,1966,6,122,1,1,0.093,250,40.90999985,-109.327301,10040982
"446",10171,1993,13,1035,0.26,1,0.684,250,40.90999985,-109.327301,10040982
"447",10171,1994,8.5,726.833333333333,0.295533333333333,1,0.684,250,40.90999985,-109.327301,10040982
"448",10171,1995,6,159.5,0.065,1,0.684,250,40.90999985,-109.327301,10040982
"449",10171,1996,9,218.5,0.065,1,0.684,250,40.90999985,-109.327301,10040982
"450",10171,1997,7.5,249.5,0.06845,1,0.684,250,40.90999985,-109.327301,10040982
"451",10171,1998,7.5,254.5,0.06845,1,0.684,250,40.90999985,-109.327301,10040982
"452",10171,1999,10.6666666666667,229,0.0616,1,0.684,250,40.90999985,-109.327301,10040982
"453",10171,2000,11.5,373,0.06495,1,0.684,250,40.90999985,-109.327301,10040982
"454",10171,2002,11,311,0.0752,1,0.684,250,40.90999985,-109.327301,10040982
"455",10171,2003,11,344,0.055,1,0.684,250,40.90999985,-109.327301,10040982
"456",10171,2004,13,295,0.0616,1,0.684,250,40.90999985,-109.327301,10040982
"457",10171,2005,10.5,341.5,0.0684,1,0.686,250,40.90999985,-109.327301,10040982
"458",10171,2006,11,360.5,0.072,1,0.686,250,40.90999985,-109.327301,10040982
"459",10171,2007,14.75,416.75,0.08765,1,0.685,250,40.90999985,-109.327301,10040982
"460",10171,2008,15,332.5,0.0684,1,0.684,375,40.90999985,-109.327301,10040982
"461",10171,2009,12.2857142857143,329.285714285714,0.0988071428571429,0.928571428571429,0.732,450,40.90999985,-109.327301,10040982
"462",10171,2010,8.66666666666667,358.333333333333,0.15732,1,0.721333333333333,500,40.90999985,-109.327301,10040982
"463",10171,2011,9.5,308,0.06842,1,0.684,NA,40.90999985,-109.327301,10040982
"464",10171,2012,10,354,0.0616,1,0.68,NA,40.90999985,-109.327301,10040982
"465",10171,2016,16,221,0.0625,1,0.688,NA,40.90999985,-109.327301,10040982
"466",10171,2017,17,344,0.0975,1,0.688,NA,40.90999985,-109.327301,10040982
"467",10171,2019,16,856,0.125,1,0.688,NA,40.90999985,-109.327301,10040982
"468",10171,2020,18,448,0.0625,1,0.69,NA,40.90999985,-109.327301,10040982
"469",10171,2021,19.5,390.5,0.5,1,0.74,NA,40.90999985,-109.327301,10040982
"470",10171,2022,15.3333333333333,305.333333333333,0.149766666666667,1,0.74,NA,40.90999985,-109.327301,10040982
"471",10171,2023,8.5,33.5,1,1,0.72,NA,40.90999985,-109.327301,10040982
"472",10173,1994,6,196,0.0616,1,0.684,250,40.91040039,-109.2652969,10041028
"473",10173,1996,9,244,0.065,1,0.684,250,40.91040039,-109.2652969,10041028
"474",10173,1997,10,273.333333333333,0.0684333333333333,1,0.684,250,40.91040039,-109.2652969,10041028
"475",10173,1998,11.5,249,0.0719,1,0.684,250,40.91040039,-109.2652969,10041028
"476",10173,2000,8,322,0.0616,1,0.684,280,40.91040039,-109.2652969,10041028
"477",10173,2002,14,345,0.0616,1,0.684,250,40.91040039,-109.2652969,10041028
"478",10173,2003,12,335,0.0615,1,0.684,250,40.91040039,-109.2652969,10041028
"479",10173,2004,11.5,341,0.0684,1,0.684,250,40.91040039,-109.2652969,10041028
"480",10173,2005,13,341.5,0.0752,1,0.686,250,40.91040039,-109.2652969,10041028
"481",10173,2006,11,348.666666666667,0.0617333333333333,1,0.684,333.333333333333,40.91040039,-109.2652969,10041028
"482",10173,2007,16,377.75,0.084225,1,0.685,250,40.91040039,-109.2652969,10041028
"483",10173,2008,15,387,0.0774666666666667,1,0.684,250,40.91040039,-109.2652969,10041028
"484",10173,2009,10,301,0.08208,1,0.684,250,40.91040039,-109.2652969,10041028
"485",10173,2010,7,311,0.08208,1,0.684,NA,40.91040039,-109.2652969,10041028
"486",10173,2013,22.5,658.75,0.53905,1,0.688,NA,40.91040039,-109.2652969,10041028
"487",10173,2014,26,302,0.0752,1,0.688,NA,40.91040039,-109.2652969,10041028
"488",10173,2015,24.5,366.5,0.15625,1,0.686,NA,40.91040039,-109.2652969,10041028
"489",10173,2016,19,305,0.0781,1,0.688,NA,40.91040039,-109.2652969,10041028
"490",10173,2018,16,308,0.1875,1,0.688,NA,40.91040039,-109.2652969,10041028
"491",10173,2019,23.5,530,0.140625,1,0.688,NA,40.91040039,-109.2652969,10041028
"492",10173,2020,18,339,0.0938,1,0.69,NA,40.91040039,-109.2652969,10041028
"493",10173,2021,20,406.333333333333,0.270833333333333,1,0.74,NA,40.91040039,-109.2652969,10041028
"494",10173,2022,18,302.5,0.06495,1,0.74,NA,40.91040039,-109.2652969,10041028
"495",10173,2023,15.5,277,0.54446,1,0.72,NA,40.91040039,-109.2652969,10041028
"496",10174,1963,6,80.5,1,1,0.093,250,40.89852142,-109.1711655,10041230
"497",10174,1964,7,735.8,1,1,0.093,250,40.89852142,-109.1711655,10041230
"498",10174,1965,4.5,601.25,1,1,0.093,250,40.89852142,-109.1711655,10041230
"499",10174,1966,7,46,1,1,0.093,250,40.89852142,-109.1711655,10041230
"500",10174,1994,15,1022,0.436425,1,0.684,250,40.89852142,-109.1711655,10041230
"501",10174,1996,11,265.2,0.06706,1,0.684,250,40.89852142,-109.1711655,10041230
"502",10174,1997,12.5,247,0.070125,1,0.684,250,40.89852142,-109.1711655,10041230
"503",10174,1998,15,255,0.0684666666666667,1,0.684,250,40.89852142,-109.1711655,10041230
"504",10174,1999,15.6666666666667,293.333333333333,0.0638666666666667,1,0.684,250,40.89852142,-109.1711655,10041230
"505",10174,2000,15,317,0.0616,1,0.684,280,40.89852142,-109.1711655,10041230
"506",10174,2002,16.5,310.75,0.303,1,0.684,250,40.89852142,-109.1711655,10041230
"507",10174,2003,18,327,0.0616,1,0.684,250,40.89852142,-109.1711655,10041230
"508",10174,2004,18.6666666666667,340.666666666667,0.0752,1,0.684,250,40.89852142,-109.1711655,10041230
"509",10174,2005,16.25,354.5,0.0786,1,0.685,250,40.89852142,-109.1711655,10041230
"510",10174,2006,20.25,449.25,0.40915,1,0.685,312.5,40.89852142,-109.1711655,10041230
"511",10174,2007,22.8,349.6,0.415,1,0.6848,250,40.89852142,-109.1711655,10041230
"512",10174,2008,22.5,431.5,0.171875,1,0.684,312.5,40.89852142,-109.1711655,10041230
"513",10174,2009,17.3333333333333,322,0.123113333333333,1,0.684,250,40.89852142,-109.1711655,10041230
"514",10174,2010,16,302.5,0.14706,1,0.686,250,40.89852142,-109.1711655,10041230
"515",10174,2011,13,351,0.14364,1,0.684,NA,40.89852142,-109.1711655,10041230
"516",10174,2012,16.6666666666667,374,0.1452,1,0.684,NA,40.89852142,-109.1711655,10041230
"517",10174,2013,21,344.333333333333,0.4375,1,0.686666666666667,NA,40.89852142,-109.1711655,10041230
"518",10174,2014,25.3333333333333,433.666666666667,0.354166666666667,1,0.688,NA,40.89852142,-109.1711655,10041230
"519",10174,2015,24.5,394.5,0.0781,1,0.688,NA,40.89852142,-109.1711655,10041230
"520",10174,2018,26,339.5,0.11125,1,0.688,NA,40.89852142,-109.1711655,10041230
"521",10174,2019,19,480.5,0.1875,1,0.688,NA,40.89852142,-109.1711655,10041230
"522",10174,2020,27,446,0.0625,0.0069,100,NA,40.89852142,-109.1711655,10041230
"523",10174,2021,21,442,0.25,1,0.74,NA,40.89852142,-109.1711655,10041230
"524",10174,2023,19,256,0.875,1,0.72,NA,40.89852142,-109.1711655,10041230
"525",10177,1996,13,351,0.25,1,0.558,250,40.86470032,-109.1399994,10041106
"526",10177,1998,15,278.5,0.06505,1,0.684,250,40.86470032,-109.1399994,10041106
"527",10177,1999,11.5,282.5,0.0684,1,0.684,250,40.86470032,-109.1399994,10041106
"528",10177,2000,14.3333333333333,351.333333333333,0.0661333333333333,1,0.684,343.333333333333,40.86470032,-109.1399994,10041106
"529",10177,2001,17.6666666666667,310,0.0707,1,0.684,333.333333333333,40.86470032,-109.1399994,10041106
"530",10177,2002,14,348,0.082,1,0.684,250,40.86470032,-109.1399994,10041106
"531",10177,2003,16.5,311.25,0.068375,1,0.684,250,40.86470032,-109.1399994,10041106
"532",10177,2004,17,371,0.2876,1,0.684,250,40.86470032,-109.1399994,10041106
"533",10177,2005,16,347,0.0774666666666667,1,0.685333333333333,250,40.86470032,-109.1399994,10041106
"534",10177,2006,17,355.75,0.3955,1,0.685,312.5,40.86470032,-109.1399994,10041106
"535",10177,2007,22.8,505,0.475,1,0.6848,250,40.86470032,-109.1399994,10041106
"536",10177,2008,23,436,0.59375,1,0.684,312.5,40.86470032,-109.1399994,10041106
"537",10177,2009,17.5,338.5,0.167525,1,0.684,250,40.86470032,-109.1399994,10041106
"538",10177,2010,15.75,330,0.093055,1,0.686,375,40.86470032,-109.1399994,10041106
"539",10177,2011,16.5,342.5,0.1117675,1,0.675,500,40.86470032,-109.1399994,10041106
"540",10177,2012,20.3333333333333,387,0.179066666666667,1,0.684,NA,40.86470032,-109.1399994,10041106
"541",10177,2013,26.3333333333333,366.666666666667,0.489666666666667,1,0.686666666666667,NA,40.86470032,-109.1399994,10041106
"542",10177,2014,24,323.5,0.2656,1,0.688,NA,40.86470032,-109.1399994,10041106
"543",10177,2015,23.5,315.5,0.0664,1,0.688,NA,40.86470032,-109.1399994,10041106
"544",10177,2016,27.3333333333333,358.666666666667,0.0944333333333333,1,0.688,NA,40.86470032,-109.1399994,10041106
"545",10177,2017,23,340.666666666667,0.0826666666666667,1,0.688,NA,40.86470032,-109.1399994,10041106
"546",10177,2018,20.5,364.5,0.1035,1,0.688,NA,40.86470032,-109.1399994,10041106
"547",10177,2019,20,616,0.28125,1,0.688,NA,40.86470032,-109.1399994,10041106
"548",10177,2020,20,370.333333333333,0.103866666666667,1,0.689333333333333,NA,40.86470032,-109.1399994,10041106
"549",10177,2021,19.5,368,0.1094,1,0.74,NA,40.86470032,-109.1399994,10041106
"550",10177,2022,16,340,0.0625,1,0.74,NA,40.86470032,-109.1399994,10041106
"551",10177,2023,12,302,0.75,1,0.72,NA,40.86470032,-109.1399994,10041106
"552",10229,1998,6,46,1,1,0.744,500,37.7756,-111.579,3277835
"553",10229,2000,11,77,1,1,0.744,500,37.7756,-111.579,3277835
"554",10229,2001,3.5,6,1,1,0.744,500,37.7756,-111.579,3277835
"555",10229,2002,18,260.5,1,1,0.744,500,37.7756,-111.579,3277835
"556",10229,2003,14.5,507.5,0.625,1,0.744,375,37.7756,-111.579,3277835
"557",10229,2004,21,318,1,1,0.744,250,37.7756,-111.579,3277835
"558",10232,1998,21,371,0.125,1,0.744,500,37.8551,-111.3553,3277707
"559",10232,2000,13.4,424.2,0.575,1,0.744,500,37.8551,-111.3553,3277707
"560",10232,2001,16.25,208.75,0.84375,1,0.651,500,37.8551,-111.3553,3277707
"561",10232,2002,16,548,0.75,1,0.744,500,37.8551,-111.3553,3277707
"562",10232,2003,24,692,0.75,1,0.744,375,37.8551,-111.3553,3277707
"563",10232,2004,21,429,1,1,0.744,250,37.8551,-111.3553,3277707
"564",10232,2010,2,10,1,1,0.2787,NA,37.8551,-111.3553,3277707
"565",10234,2000,11.8,382,0.7,1,0.744,500,37.8649,-111.3129,3277657
"566",10234,2001,13.5,204,0.875,1,0.651,500,37.8649,-111.3129,3277657
"567",10234,2002,11.5,313,0.59375,1,0.744,500,37.8649,-111.3129,3277657
"568",10234,2003,22,718,1,1,0.744,250,37.8649,-111.3129,3277657
"569",10234,2004,17,237,1,1,0.744,250,37.8649,-111.3129,3277657
"570",10237,2000,21,262,1,1,0.744,500,37.7761,-111.4188,3277833
"571",10237,2001,22,475,1,1,0.744,500,37.7761,-111.4188,3277833
"572",10237,2003,26,662,0.375,1,0.744,250,37.7761,-111.4188,3277833
"573",10237,2004,26,486,1,1,0.744,250,37.7761,-111.4188,3277833
"574",10255,1999,24,333,0.875,1,0.744,500,37.8155,-111.6082,3277827
"575",10255,2001,24.3333333333333,407.333333333333,1,1,0.62,500,37.8155,-111.6082,3277827
"576",10255,2002,36.5,564,0.34375,1,0.744,500,37.8155,-111.6082,3277827
"577",10255,2003,24.5,289,1,1,0.744,375,37.8155,-111.6082,3277827
"578",10255,2004,27,292,1,1,0.744,250,37.8155,-111.6082,3277827
"579",10262,1999,20,243,1,1,0.744,500,37.7746,-111.4577,3277847
"580",10262,2000,15,138,1,1,0.744,500,37.7746,-111.4577,3277847
"581",10262,2004,21,223,1,1,0.744,250,37.7746,-111.4577,3277847
"582",10262,2011,16,800,0.75,1,0.74,NA,37.7746,-111.4577,3277847
"583",10320,1999,27,378,0.625,1,0.744,500,37.9633,-111.6518,3277521
"584",10320,2000,28.6666666666667,497.333333333333,0.5,1,0.744,500,37.9633,-111.6518,3277521
"585",10320,2001,31,537,0.75,1,0.744,500,37.9633,-111.6518,3277521
"586",10320,2002,27,406,0.6875,1,0.744,500,37.9633,-111.6518,3277521
"587",10320,2003,30,753,0.25,1,0.744,250,37.9633,-111.6518,3277521
"588",10337,1999,25,374,0.75,1,0.744,500,37.7931,-111.4133,3277833
"589",10337,2000,16.6666666666667,445,0.625,1,0.744,500,37.7931,-111.4133,3277833
"590",10337,2001,25.3333333333333,249.666666666667,1,1,0.62,500,37.7931,-111.4133,3277833
"591",10337,2002,34,527.5,0.6875,1,0.7275,500,37.7931,-111.4133,3277833
"592",10337,2003,25,827,0.75,1,0.744,500,37.7931,-111.4133,3277833
"593",10341,1999,15,75,1,1,0.744,500,37.4279,-111.9806,18267177
"594",10341,2000,1,1,1,1,0.744,500,37.4279,-111.9806,18267177
"595",10341,2001,3,3,1,1,0.744,500,37.4279,-111.9806,18267177
"596",10341,2004,4,7,1,1,0.744,250,37.4279,-111.9806,18267177
"597",10344,2000,16.25,193.25,1,1,0.744,500,37.7755,-111.4185,3277839
"598",10344,2001,17.5,164.25,1,1,0.651,500,37.7755,-111.4185,3277839
"599",10344,2002,28,508,0.875,1,0.744,500,37.7755,-111.4185,3277839
"600",10344,2003,19,454.5,0.9375,1,0.744,375,37.7755,-111.4185,3277839
"601",10344,2004,15,192,1,1,0.744,250,37.7755,-111.4185,3277839
"602",10345,2000,23.6666666666667,479.333333333333,0.375,1,0.744,500,37.9013,-111.4367,3277569
"603",10345,2001,30.5,554.5,0.65625,1,0.651,500,37.9013,-111.4367,3277569
"604",10345,2002,36,574,0.625,1,0.744,500,37.9013,-111.4367,3277569
"605",10345,2004,41,578,1,1,0.744,250,37.9013,-111.4367,3277569
"606",11436,1998,13,87.1666666666667,1,1,0.093,280,38.38460159,-109.209198,18382081
"607",11436,2012,49,704,0.125,1,0.74,NA,38.38460159,-109.209198,18382081
"608",11436,2016,43,652,0.5,1,0.74,NA,38.38460159,-109.209198,18382081
"609",11436,2020,49,658,0.1875,1,0.74,NA,38.38460159,-109.209198,18382081
"610",11882,2015,27.3333333333333,662.333333333333,0.280025,1,0.415,NA,39.683401,-111.167527,3906525
"611",11882,2016,29.6666666666667,760.833333333333,0.265633333333333,1,0.415,NA,39.683401,-111.167527,3906525
"612",11882,2019,30,685.666666666667,0.4271,1,0.09,NA,39.683401,-111.167527,3906525
"613",11882,2020,32.6666666666667,691,0.770833333333333,1,0.09,NA,39.683401,-111.167527,3906525
"614",11910,1999,33,519,0.125,1,0.744,500,41.7748,-111.6105,664362
"615",11910,2011,33,741,0.125,1,0.74,NA,41.7748,-111.6105,664362
"616",11910,2012,33,733.75,0.132825,1,0.74,NA,41.7748,-111.6105,664362
"617",11910,2013,30.6666666666667,714.333333333333,0.104166666666667,1,0.74,NA,41.7748,-111.6105,664362
"618",11911,1999,46,537,0.1875,1,0.744,500,41.7817,-111.6397,664348
"619",11911,2011,37,600,0.375,1,0.74,NA,41.7817,-111.6397,664348
"620",11911,2012,32.5,546,0.675625,1,0.74,NA,41.7817,-111.6397,664348
"621",11911,2013,31.6666666666667,644.333333333333,0.375,1,0.74,NA,41.7817,-111.6397,664348
"622",12085,2010,39,644,0.125,1,0.74,NA,40.705173,-111.6925,10390258
"623",12085,2011,41,900,0.1563,1,1.28,NA,40.705173,-111.6925,10390258
"624",12085,2012,39,655,0.125,1,0.744,NA,40.705173,-111.6925,10390258
"625",12085,2013,35,629,0.1563,1,1.28,NA,40.705173,-111.6925,10390258
"626",12087,2009,46,709,0.375,1,2,500,40.645691,-111.66565,10389548
"627",12087,2010,40,759,0.3125,1,0.74,NA,40.645691,-111.66565,10389548
"628",12087,2011,45,850,0.25,1,1.28,NA,40.645691,-111.66565,10389548
"629",12087,2012,45,694,0.2188,1,0.744,NA,40.645691,-111.66565,10389548
"630",12087,2013,50,641,0.2031,1,1.28,NA,40.645691,-111.66565,10389548
"631",12180,2009,41,624,0.09375,1,2,500,40.699993,-111.70107,10390258
"632",12180,2010,41,590,0.109375,1,0.74,NA,40.699993,-111.70107,10390258
"633",12180,2011,52,838,0.25,1,1.28,NA,40.699993,-111.70107,10390258
"634",12180,2012,44,716,0.5313,1,0.744,NA,40.699993,-111.70107,10390258
"635",12394,2009,23,649,0.4375,1,2,500,40.780453,-111.88404,10389370
"636",12394,2010,24,996,0.5,1,0.74,NA,40.780453,-111.88404,10389370
"637",12394,2011,29,733,0.625,1,1.28,NA,40.780453,-111.88404,10389370
"638",12394,2013,26,747.5,0.625,1,1.28,NA,40.780453,-111.88404,10389370
"639",12525,2013,51,640,0.125,1,0.743224,NA,38.53976646,-112.3872341,3504505
"640",12525,2014,44,608.5,0.25,1,0.74,NA,38.53976646,-112.3872341,3504505
"641",12525,2015,40,614,0.25,1,0.7432,NA,38.53976646,-112.3872341,3504505
"642",12525,2016,53,1056,0.125,1,0.7432,NA,38.53976646,-112.3872341,3504505
"643",13879,1998,19,323,0.1094,1,0.093,280,40.8986,-109.9467,10039420
"644",13879,2012,35.3333333333333,614.666666666667,0.224,1,1.023,NA,40.8986,-109.9467,10039420
"645",13879,2013,38.5,640.5,0.28125,1,1.023,NA,40.8986,-109.9467,10039420
"646",13879,2014,37.5,585,0.16345,1,1.0215,NA,40.8986,-109.9467,10039420
"647",14579,2012,24.3333333333333,610,0.0625,1,1.023,NA,40.83133,-110.00959,10038142
"648",14579,2013,21,654.5,0.06375,0.75,1.023,NA,40.83133,-110.00959,10038142
"649",14579,2014,21,484,0.1328,1,1.02,NA,40.83133,-110.00959,10038142
"650",14579,2018,31,596,0.0625,1,1.023,NA,40.83133,-110.00959,10038142
"651",14593,2012,22,635.5,0.10155,1,1.023,NA,40.84817,-110.00114,10038118
"652",14593,2013,22,689,0.46875,1,1.023,NA,40.84817,-110.00114,10038118
"653",14593,2014,22,595,0.2344,1,1.0215,NA,40.84817,-110.00114,10038118
"654",14593,2015,29,733,0.125,1,1.02,NA,40.84817,-110.00114,10038118
"655",14593,2018,39,590,0.375,1,1.023,NA,40.84817,-110.00114,10038118
"656",14596,2012,33.6666666666667,635.333333333333,0.250266666666667,1,1.023,NA,40.87755,-109.96436,10039566
"657",14596,2013,37,598.5,0.6875,1,1.023,NA,40.87755,-109.96436,10039566
"658",14596,2014,26,695.75,0.203125,1,1.0215,NA,40.87755,-109.96436,10039566
"659",14596,2015,25,526,0.25,1,1.02,NA,40.87755,-109.96436,10039566
"660",15597,2012,28.3333333333333,804.666666666667,0.234366666666667,1,1.023,NA,40.83036,-110.00701,10038156
"661",15597,2013,18,639,0.0938,0.5,1.023,NA,40.83036,-110.00701,10038156
"662",15597,2015,19,579,0.0625,1,1.02,NA,40.83036,-110.00701,10038156
"663",15597,2018,23,580,0.0781,1,1.023,NA,40.83036,-110.00701,10038156
"664",19122,2009,39,639,0.0625,1,2,500,40.688919,-111.71142,10389494
"665",19122,2010,42,687,0.0859375,1,0.74,NA,40.688919,-111.71142,10389494
"666",19122,2011,36,785,0.1875,1,1.28,NA,40.688919,-111.71142,10389494
"667",19122,2012,38,686,0.0938,1,0.744,NA,40.688919,-111.71142,10389494
"668",19122,2013,28,645,0.125,1,1.28,NA,40.688919,-111.71142,10389494
"669",20040,2004,14,88,1,1,0.744,500,39.415,-111.1189,4876373
"670",20040,2005,12,36,1,1,0.744,500,39.415,-111.1189,4876373
"671",20040,2006,10,182,1,1,0.744,500,39.415,-111.1189,4876373
"672",20040,2007,4,6,1,1,0.744,500,39.415,-111.1189,4876373
"673",20040,2008,9,106,1,1,0.744,500,39.415,-111.1189,4876373
"674",20040,2009,8,62,1,1,0.74,500,39.415,-111.1189,4876373
"675",20040,2011,7,14,1,1,0.74,NA,39.415,-111.1189,4876373
"676",20041,2004,13,74,1,1,0.744,500,39.4003,-111.1436,4876379
"677",20041,2005,8,19,1,1,0.744,500,39.4003,-111.1436,4876379
"678",20041,2006,13,155,1,1,0.744,500,39.4003,-111.1436,4876379
"679",20041,2007,17,147,1,1,0.744,500,39.4003,-111.1436,4876379
"680",20041,2008,10,53,1,1,0.744,500,39.4003,-111.1436,4876379
"681",20041,2009,10,67,1,1,0.74,500,39.4003,-111.1436,4876379
"682",20041,2011,10,28,1,1,0.74,NA,39.4003,-111.1436,4876379
"683",20042,2004,11,54,1,1,0.744,500,39.4056,-111.1631,4876377
"684",20042,2005,10,21,1,1,0.744,500,39.4056,-111.1631,4876377
"685",20042,2006,14,119,1,1,0.744,500,39.4056,-111.1631,4876377
"686",20042,2007,12,86,1,1,0.744,500,39.4056,-111.1631,4876377
"687",20042,2008,10,132,1,1,0.744,500,39.4056,-111.1631,4876377
"688",20042,2009,5,44,1,1,0.74,500,39.4056,-111.1631,4876377
"689",20042,2011,10,169,1,1,0.74,NA,39.4056,-111.1631,4876377
"690",20042,2014,24,622,1,1,0.74,NA,39.4056,-111.1631,4876377
"691",20042,2017,22,605,0.6875,1,0.743,NA,39.4056,-111.1631,4876377
"692",21660,2010,45,707,0.3125,1,0.093,NA,38.5475719,-112.4805374,3504531
"693",21660,2011,6.33333333333333,669.666666666667,0.416666666666667,1,0.093,NA,38.5475719,-112.4805374,3504531
"694",21660,2015,12,767,0.1563,1,0.837,NA,38.5475719,-112.4805374,3504531
"695",21660,2018,37,711,0.0625,1,0.743224,NA,38.5475719,-112.4805374,3504531
"696",21668,2003,27.3333333333333,736.666666666667,0.605833333333333,1,0.279,250,38.567367,-112.466667,3504405
"697",21668,2010,44,647,0.197933333333333,1,0.093,NA,38.567367,-112.466667,3504405
"698",21668,2011,11,729,0.75,1,0.093,NA,38.567367,-112.466667,3504405
"699",21668,2014,16,432,1,1,0.74,NA,38.567367,-112.466667,3504405
"700",21668,2015,12,590,0.125,1,0.837,NA,38.567367,-112.466667,3504405
"701",21706,2010,45,620.5,0.1875,1,0.74,500,40.637066,-111.62223,10389566
"702",21706,2011,48,803,0.5,1,1.28,NA,40.637066,-111.62223,10389566
"703",21706,2012,47,823,0.055,1,0.744,NA,40.637066,-111.62223,10389566
"704",21706,2013,35,645,0.0938,1,1.28,NA,40.637066,-111.62223,10389566
"705",21786,2009,43,614,0.125,1,2,NA,40.8135,-111.835,10389298
"706",21786,2011,44,696,0.125,1,1.28,NA,40.8135,-111.835,10389298
"707",21786,2012,49,602,0.1875,1,0.744,NA,40.8135,-111.835,10389298
"708",21786,2013,34.5,621.5,0.53905,1,1.28,NA,40.8135,-111.835,10389298
"709",21790,2009,27,148,1,1,2,NA,40.6199,-111.857,10390274
"710",21790,2010,27.5,397,1,1,0.74,NA,40.6199,-111.857,10390274
"711",21790,2011,19,639,1,1,1.28,NA,40.6199,-111.857,10390274
"712",21790,2012,12,239,1,1,0.558,NA,40.6199,-111.857,10390274
"713",21838,2009,38,697,0.3125,1,2,500,40.739006,-111.74191,10390256
"714",21838,2010,34,615,0.5,1,0.74,NA,40.739006,-111.74191,10390256
"715",21838,2011,37,823,0.875,1,1.28,NA,40.739006,-111.74191,10390256
"716",21838,2012,44,875,0.75,1,0.744,NA,40.739006,-111.74191,10390256
"717",21838,2013,40,812,0.375,1,1.28,NA,40.739006,-111.74191,10390256
"718",22999,2007,38,599,0.75,1,0.744,500,41.833974,-111.591707,664240
"719",22999,2008,34,727,0.75,1,0.74,500,41.833974,-111.591707,664240
"720",22999,2011,37,659,0.25,1,0.74,NA,41.833974,-111.591707,664240
"721",22999,2012,37.75,730.5,0.132825,1,0.74,NA,41.833974,-111.591707,664240
"722",22999,2013,41,641,0.1875,1,0.74,NA,41.833974,-111.591707,664240
"723",23198,2009,10,595,0.125,1,2,NA,40.676392,-111.88329,10389524
"724",23198,2010,12,620,0.109375,1,0.74,NA,40.676392,-111.88329,10389524
"725",23198,2011,16,818,0.875,1,1.28,NA,40.676392,-111.88329,10389524
"726",23198,2012,13,662,0.1563,1,0.744,NA,40.676392,-111.88329,10389524
"727",23198,2013,9,609,0.1094,1,1.28,NA,40.676392,-111.88329,10389524
"728",23759,2000,44,504,0.4375,1,0.744,500,41.7054,-111.8507,664526
"729",23759,2015,19,649,0.0625,1,0.74,NA,41.7054,-111.8507,664526
"730",23759,2016,29,735,0.3125,1,0.093,NA,41.7054,-111.8507,664526
"731",23759,2017,38,816,0.375,1,0.372,NA,41.7054,-111.8507,664526
"732",23813,2009,41,689,0.1406,1,2,500,40.581777,-111.62302,10389666
"733",23813,2011,31,894,0.375,1,1.28,NA,40.581777,-111.62302,10389666
"734",23813,2012,33,656,0.125,1,0.744,NA,40.581777,-111.62302,10389666
"735",23813,2013,33,707,0.4375,1,1.28,NA,40.581777,-111.62302,10389666
"736",23822,2009,42,618,0.1875,1,2,500,40.534111,-111.811583,10389778
"737",23822,2011,45,729,0.375,1,1.28,NA,40.534111,-111.811583,10389778
"738",23822,2012,46,674,0.125,1,0.744,NA,40.534111,-111.811583,10389778
"739",23822,2013,37,654,1,1,1.12,NA,40.534111,-111.811583,10389778
"740",23823,2009,28,606,0.3125,1,2,500,40.57068,-111.718176,10389692
"741",23823,2010,30,862,0.75,1,0.74,NA,40.57068,-111.718176,10389692
"742",23823,2011,33,616,0.5,1,1.28,NA,40.57068,-111.718176,10389692
"743",23823,2012,29,622,0.25,1,0.744,NA,40.57068,-111.718176,10389692
"744",23823,2013,23,425,1,1,1.28,NA,40.57068,-111.718176,10389692
"745",23825,2009,17,718,0.125,1,2,500,40.667917,-111.86094,10389524
"746",23825,2011,10.5,606.5,0.5625,1,1.28,NA,40.667917,-111.86094,10389524
"747",23825,2012,15,686,0.25,1,0.651,NA,40.667917,-111.86094,10389524
"748",23825,2013,15,614,0.1563,1,1.28,NA,40.667917,-111.86094,10389524
"749",23828,2009,37,592,0.125,1,2,500,40.6358221,-111.69734,10389558
"750",23828,2011,42,713,0.125,1,1.28,NA,40.6358221,-111.69734,10389558
"751",23828,2012,36,620,0.0625,1,0.744,NA,40.6358221,-111.69734,10389558
"752",23828,2013,37,688,0.2813,1,1.28,NA,40.6358221,-111.69734,10389558
"753",23829,2009,38,639,0.1875,1,2,500,40.713879,-111.786016,10389462
"754",23829,2011,26,281,1,1,1.28,NA,40.713879,-111.786016,10389462
"755",23829,2012,15,580,0.5313,1,0.74,NA,40.713879,-111.786016,10389462
"756",23829,2013,20,618,0.3125,1,1.28,NA,40.713879,-111.786016,10389462
"757",23832,2009,31,610,0.4375,1,2,500,40.576838,-111.612733,10389674
"758",23832,2010,27,305,1,1,0.74,NA,40.576838,-111.612733,10389674
"759",23832,2011,27,707,0.25,1,1.28,NA,40.576838,-111.612733,10389674
"760",23832,2012,36,721,0.1875,1,0.744,NA,40.576838,-111.612733,10389674
"761",23832,2013,32,664,0.1875,1,1.28,NA,40.576838,-111.612733,10389674
"762",23833,2009,45,626,0.0781,1,2,500,40.615421,-111.591264,10389600
"763",23833,2010,45,610,0.5625,1,0.74,NA,40.615421,-111.591264,10389600
"764",23833,2011,42,828,0.25,1,1.28,NA,40.615421,-111.591264,10389600
"765",23833,2012,45,806,0.3125,1,0.74,NA,40.615421,-111.591264,10389600
"766",23833,2013,47,798,0.75,1,1.28,NA,40.615421,-111.591264,10389600
"767",23838,2009,45,674,0.3125,1,2,500,40.7210805,-111.6588878,10389454
"768",23838,2011,41,586,0.3125,1,1.28,NA,40.7210805,-111.6588878,10389454
"769",23838,2012,37,667,0.25,1,0.744,NA,40.7210805,-111.6588878,10389454
"770",23838,2013,39,698,0.1875,1,1.28,NA,40.7210805,-111.6588878,10389454
"771",26396,2002,17,543,0.5625,1,0.558,500,40.906944,-109.305556,10039324
"772",26396,2004,14,435,1,1,0.558,500,40.906944,-109.305556,10039324
"773",26396,2007,17,81,1,1,0.18581,500,40.906944,-109.305556,10039324
"774",26396,2008,5,9,1,1,0.18581,500,40.906944,-109.305556,10039324
"775",26396,2010,10,288,1,1,0.74,NA,40.906944,-109.305556,10039324
"776",26396,2012,4,23,1,1,0.74,NA,40.906944,-109.305556,10039324
"777",26398,2002,13.5,55,1,1,0.558,500,40.886667,-109.274444,10039688
"778",26398,2004,27,251,1,1,0.558,500,40.886667,-109.274444,10039688
"779",26398,2007,22,183,1,1,0.18581,500,40.886667,-109.274444,10039688
"780",26398,2008,24,223,1,1,0.18581,500,40.886667,-109.274444,10039688
"781",26399,2002,11,35,1,1,0.558,500,40.872222,-109.278056,10039688
"782",26399,2004,32,792,1,1,0.558,500,40.872222,-109.278056,10039688
"783",26399,2006,25,234,1,1,0.558,500,40.872222,-109.278056,10039688
"784",26399,2007,9,23,1,1,0.18581,500,40.872222,-109.278056,10039688
"785",26399,2008,13,63,1,1,0.18581,500,40.872222,-109.278056,10039688
"786",26399,2012,11,77,1,1,0.74,NA,40.872222,-109.278056,10039688
"787",26400,2002,19,147,1,1,0.558,500,40.902222,-109.322222,10039674
"788",26400,2004,12,87,1,1,0.558,500,40.902222,-109.322222,10039674
"789",26400,2006,11,145,1,1,0.558,500,40.902222,-109.322222,10039674
"790",26400,2007,17,115,1,1,0.18581,500,40.902222,-109.322222,10039674
"791",26400,2008,10,36,1,1,0.18581,500,40.902222,-109.322222,10039674
"792",26400,2011,19,197,1,1,0.74,NA,40.902222,-109.322222,10039674
"793",26401,2002,26.5,281.5,1,1,0.558,500,40.9175,-109.106944,10041210
"794",26401,2004,27,623,0.75,1,0.558,500,40.9175,-109.106944,10041210
"795",26401,2007,17,79,1,1,0.18581,500,40.9175,-109.106944,10041210
"796",26401,2008,22,325,1,1,0.18581,500,40.9175,-109.106944,10041210
"797",26401,2009,34,633,1,1,0.743238,250,40.9175,-109.106944,10041210
"798",26401,2011,24,296,1,1,0.74,NA,40.9175,-109.106944,10041210
"799",26401,2014,33,330,1,1,0.74,NA,40.9175,-109.106944,10041210
"800",26401,2016,43,851,0.1875,1,0.74,NA,40.9175,-109.106944,10041210
"801",26402,2002,29,613,0.6875,1,0.558,500,40.894167,-109.1,10039458
"802",26402,2004,27,600,0.3125,1,0.558,500,40.894167,-109.1,10039458
"803",26402,2007,18,121,1,1,0.18581,500,40.894167,-109.1,10039458
"804",26402,2008,16,112,1,1,0.18581,500,40.894167,-109.1,10039458
"805",26402,2009,24,629,1,1,0.743238,250,40.894167,-109.1,10039458
"806",26433,2001,24,276,1,1,0.744,500,37.1203,-113.4292,10024328
"807",26433,2002,11.25,61.25,1,1,0.744,437.5,37.1203,-113.4292,10024328
"808",26433,2004,14.5,153.5,1,1,0.744,500,37.1203,-113.4292,10024328
"809",26433,2005,11.25,68,1,1,0.744,500,37.1203,-113.4292,10024328
"810",26433,2006,20,254,1,1,0.744,500,37.1203,-113.4292,10024328
"811",26434,2001,12,522,0.625,1,0.744,500,37.1167,-113.4378,10024340
"812",26434,2002,12,181.666666666667,1,1,0.744,416.666666666667,37.1167,-113.4378,10024340
"813",26434,2004,12,179.25,1,1,0.744,500,37.1167,-113.4378,10024340
"814",26434,2005,14.25,274.25,0.9375,1,0.744,500,37.1167,-113.4378,10024340
"815",26434,2006,23,189,1,1,0.744,500,37.1167,-113.4378,10024340
"816",26435,2001,17,171,1,1,0.744,500,37.0408,-113.6025,4914326
"817",26435,2002,15.625,293,0.703125,1,0.744,437.5,37.0408,-113.6025,4914326
"818",26435,2004,11.5,310.25,0.90625,1,0.744,500,37.0408,-113.6025,4914326
"819",26435,2005,14.75,222.5,0.90625,1,0.744,500,37.0408,-113.6025,4914326
"820",26435,2006,14,128,1,1,0.744,500,37.0408,-113.6025,4914326
"821",26438,2002,16.5,298.5,0.8125,1,0.744,500,37.069,-113.5845,4914292
"822",26438,2004,15.25,128,1,1,0.744,500,37.069,-113.5845,4914292
"823",26438,2005,13.5,84,1,1,0.744,500,37.069,-113.5845,4914292
"824",26438,2006,15,146,1,1,0.744,500,37.069,-113.5845,4914292
"825",26439,2002,10,140,1,1,0.744,416.666666666667,37.1161,-113.4997,10025144
"826",26439,2004,12.75,75.75,1,1,0.744,500,37.1161,-113.4997,10025144
"827",26439,2005,15.25,107,1,1,0.744,500,37.1161,-113.4997,10025144
"828",26439,2006,22,399,1,1,0.744,500,37.1161,-113.4997,10025144
"829",26440,2002,10,65.75,1,1,0.744,437.5,37.2031,-113.2867,10023900
"830",26440,2004,15.5,163.75,1,1,0.744,500,37.2031,-113.2867,10023900
"831",26440,2005,14,206.5,1,1,0.744,500,37.2031,-113.2867,10023900
"832",26440,2006,24,585,1,1,0.744,500,37.2031,-113.2867,10023900
"833",26442,2002,11.5,185,1,1,0.744,375,37.0689,-113.5844,4914292
"834",26442,2004,15.25,116.25,1,1,0.744,500,37.0689,-113.5844,4914292
"835",26442,2005,13.25,119.25,1,1,0.744,500,37.0689,-113.5844,4914292
"836",26442,2006,18,88,1,1,0.744,500,37.0689,-113.5844,4914292
"837",28412,2016,25,598,0.1563,1,0.744,NA,41.585123,-111.307883,7879594
"838",28412,2018,33,671,0.125,1,0.744,NA,41.585123,-111.307883,7879594
"839",28412,2019,37.5,635.5,0.625,1,0.742,NA,41.585123,-111.307883,7879594
"840",28412,2020,35,675,0.1875,1,0.744,NA,41.585123,-111.307883,7879594
"841",28412,2021,37,637,0.0781,1,0.744,NA,41.585123,-111.307883,7879594
"842",28413,2016,26,564,0.1875,1,0.744,NA,41.582241,-111.312047,7879594
"843",28413,2018,31,680,0.0625,1,0.744,NA,41.582241,-111.312047,7879594
"844",28413,2019,37,674.5,0.3125,1,0.742,NA,41.582241,-111.312047,7879594
"845",28413,2020,27,695,0.125,1,0.744,NA,41.582241,-111.312047,7879594
"846",28413,2021,31,645,0.09375,1,0.744,NA,41.582241,-111.312047,7879594
"847",28415,2016,42,625,0.0625,1,0.744,NA,41.60658,-111.32706,7879572
"848",28415,2018,29,661,0.75,1,0.744,NA,41.60658,-111.32706,7879572
"849",28415,2019,27,717.5,0.34375,1,0.742,NA,41.60658,-111.32706,7879572
"850",28415,2020,33,654,0.1563,1,0.744,NA,41.60658,-111.32706,7879572
"851",28415,2021,41,869,0.28125,1,0.744,NA,41.60658,-111.32706,7879572
"852",28416,2017,42,595,0.375,1,0.744,NA,41.702352,-111.25811,7880788
"853",28416,2018,28,787,0.125,1,0.744,NA,41.702352,-111.25811,7880788
"854",28416,2019,43,847,0.3125,1,1.023,NA,41.702352,-111.25811,7880788
"855",28416,2020,30,625,0.2188,1,0.744,NA,41.702352,-111.25811,7880788
"856",28416,2021,27,772,0.1875,1,0.744,NA,41.702352,-111.25811,7880788
"857",28419,2017,41,762,0.1875,1,0.744,NA,41.71503448,-111.263855,7880786
"858",28419,2018,25,646,0.125,1,0.744,NA,41.71503448,-111.263855,7880786
"859",28419,2019,44,685,0.3125,1,1.023,NA,41.71503448,-111.263855,7880786
"860",28419,2020,35,648,0.0938,1,0.744,NA,41.71503448,-111.263855,7880786
"861",28419,2021,44,853,0.125,1,0.744,NA,41.71503448,-111.263855,7880786
"862",28424,2017,36,810,0.1875,1,0.744,NA,41.70222855,-111.2586441,7880788
"863",28424,2018,32,671,0.5,1,0.744,NA,41.70222855,-111.2586441,7880788
"864",28424,2019,37,682,0.2032,1,0.744,NA,41.70222855,-111.2586441,7880788
"865",28424,2020,34,624,0.1875,1,0.744,NA,41.70222855,-111.2586441,7880788
"866",28424,2021,26,637,0.15625,1,0.744,NA,41.70222855,-111.2586441,7880788
